Unnamed: 0,Gender,Age,Ever_Married,Family_Size,Profession,Graduated,Work_Experience,Energy_Consumption,Preferred_Renewable,Group
0,Female,36,Yes,1.0,Engineer,Yes,0.0,Low,Solar,A
1,Male,37,Yes,4.0,Healthcare,Yes,8.0,Average,Solar,C
2,Female,69,Yes,1.0,Artist,No,0.0,Low,Solar,B
3,Male,59,Yes,2.0,Executive,No,11.0,High,Solar,A
4,Female,19,No,4.0,Marketing,No,1.0,Low,Solar,D
5,Male,47,Yes,5.0,Doctor,Yes,0.0,High,Hydro,B
6,Male,61,Yes,3.0,Doctor,Yes,5.0,Low,Solar,A
7,Female,47,Yes,3.0,Artist,Yes,1.0,Average,Solar,C
8,Male,50,Yes,4.0,Artist,Yes,2.0,Average,Solar,C
9,Male,19,No,4.0,Healthcare,No,0.0,Low,Solar,D
10,Male,22,No,3.0,Healthcare,No,0.0,Low,Solar,D
11,Female,22,No,6.0,Healthcare,No,0.0,Low,Solar,D
12,Male,50,Yes,5.0,Artist,Yes,1.0,Average,Solar,C
13,Male,27,No,3.0,Healthcare,No,8.0,Low,Wind,D
14,Male,18,No,3.0,Doctor,No,0.0,Low,Solar,D
15,Female,61,Yes,1.0,Artist,Yes,0.0,Low,Solar,B
16,Female,20,Yes,3.0,Lawyer,Yes,1.0,Average,Wind,D
17,Male,45,Yes,2.0,Artist,Yes,1.0,Average,Solar,C
18,Male,55,Yes,1.0,Artist,Yes,8.0,Low,Solar,A
19,Female,88,Yes,4.0,Lawyer,Yes,1.0,Average,Solar,C
20,Male,63,Yes,3.0,Executive,No,1.0,High,Solar,B
21,Male,69,Yes,2.0,Lawyer,No,1.0,High,Solar,A
22,Male,42,No,4.0,Artist,Yes,0.0,Low,Wind,C
23,Male,79,Yes,2.0,Executive,No,1.0,High,Solar,B
24,Female,35,Yes,3.0,Healthcare,Yes,9.0,High,Solar,C
25,Male,27,Yes,4.0,Executive,No,5.0,High,Solar,D
26,Male,52,Yes,2.0,Engineer,Yes,1.0,Low,Solar,A
27,Female,29,No,4.0,Healthcare,Yes,0.0,Low,Hydro,D
28,Female,79,Yes,2.0,Lawyer,No,1.0,High,Solar,A
29,Male,87,Yes,2.0,Lawyer,Yes,1.0,High,Solar,C
30,Male,89,Yes,2.0,Lawyer,No,1.0,Low,Solar,A
31,Male,63,Yes,3.0,Artist,Yes,9.0,Average,Solar,C
32,Male,31,No,2.0,Artist,No,1.0,Low,Solar,A
33,Male,72,Yes,6.0,Artist,Yes,1.0,Average,Tidal,C
34,Female,41,Yes,2.0,Doctor,Yes,9.0,Average,Solar,C
35,Female,61,No,1.0,Artist,Yes,11.0,Low,Solar,A
36,Male,62,Yes,2.0,Artist,Yes,0.0,Low,Solar,B
37,Male,56,Yes,2.0,Artist,Yes,1.0,Average,Solar,C
38,Male,60,Yes,5.0,Artist,Yes,2.0,Average,Solar,C
39,Male,68,Yes,2.0,Artist,Yes,0.0,High,Solar,C
40,Male,19,No,8.0,Healthcare,No,1.0,Low,Solar,D
41,Male,57,Yes,3.0,Executive,Yes,8.0,High,Solar,C
42,Male,19,No,5.0,Healthcare,No,5.0,Low,Biomass,D
43,Female,51,Yes,6.0,Artist,Yes,3.0,Average,Solar,C
44,Female,86,Yes,2.0,Artist,No,1.0,High,Solar,C
45,Female,74,Yes,2.0,Lawyer,No,1.0,High,Solar,A
46,Male,23,No,2.0,Entertainment,No,6.0,Low,Solar,D
47,Male,47,Yes,2.0,Artist,Yes,0.0,Average,Solar,C
48,Female,19,No,6.0,Healthcare,No,7.0,Low,Solar,D
49,Male,50,Yes,4.0,Artist,No,0.0,High,Solar,C
50,Male,80,Yes,2.0,Lawyer,Yes,1.0,High,Solar,C
51,Male,78,Yes,1.0,Lawyer,No,1.0,Low,Biomass,A
52,Female,48,No,1.0,Doctor,Yes,0.0,Low,Solar,A
53,Male,70,Yes,2.0,Doctor,Yes,1.0,Average,Solar,C
54,Male,50,Yes,5.0,Executive,Yes,3.0,High,Solar,C
55,Female,83,Yes,2.0,Lawyer,Yes,0.0,High,Solar,C
56,Male,35,No,1.0,Entertainment,Yes,0.0,Low,Solar,A
57,Female,36,No,2.0,Artist,Yes,0.0,Low,Geothermal,B
58,Female,35,No,1.0,Artist,Yes,1.0,Low,Solar,A
59,Male,35,Yes,2.0,Artist,Yes,0.0,Average,Solar,C
60,Male,18,No,3.0,Healthcare,No,3.0,Low,Biomass,D
61,Female,73,Yes,2.0,Artist,Yes,1.0,Average,Solar,C
62,Male,62,Yes,3.0,Artist,No,1.0,High,Solar,C
63,Female,46,Yes,2.0,Artist,Yes,1.0,Average,Solar,C
64,Male,43,Yes,4.0,Entertainment,Yes,0.0,Low,Hydro,A
65,Female,32,No,1.0,Entertainment,Yes,7.0,Low,Solar,A
66,Male,39,No,1.0,Artist,Yes,0.0,Low,Solar,A
67,Female,89,Yes,2.0,Lawyer,Yes,0.0,High,Solar,C
68,Female,18,No,3.0,Healthcare,No,0.0,Low,Hydro,D
69,Female,57,Yes,2.0,Artist,Yes,0.0,High,Wind,C
70,Female,18,No,4.0,Entertainment,No,0.0,Low,Solar,D
71,Female,71,Yes,2.0,Artist,Yes,1.0,High,Solar,C
72,Female,69,Yes,2.0,Artist,Yes,0.0,Average,Solar,C
73,Female,42,No,4.0,Healthcare,Yes,0.0,Low,Solar,D
74,Female,36,No,2.0,Artist,Yes,0.0,Low,Solar,C
75,Female,80,Yes,2.0,Lawyer,Yes,1.0,High,Solar,C
76,Male,69,Yes,1.0,Entertainment,No,1.0,Low,Solar,A
77,Female,67,Yes,3.0,Artist,Yes,0.0,Average,Solar,C
78,Female,47,Yes,4.0,Doctor,Yes,1.0,Average,Solar,C
79,Female,49,Yes,2.0,Artist,Yes,0.0,Average,Solar,C
80,Female,32,Yes,4.0,Engineer,No,9.0,Low,Solar,D
81,Female,65,Yes,4.0,Lawyer,Yes,1.0,Average,Solar,C
82,Female,78,Yes,2.0,Lawyer,No,0.0,High,Solar,A
83,Male,33,No,6.0,Artist,Yes,1.0,Low,Solar,C
84,Male,48,Yes,1.0,Artist,Yes,1.0,Low,Solar,A
85,Male,58,Yes,5.0,Executive,Yes,1.0,Average,Solar,C
86,Female,83,Yes,2.0,Lawyer,Yes,1.0,High,Solar,C
87,Female,30,No,4.0,Healthcare,No,9.0,Low,Solar,D
88,Female,35,No,2.0,Artist,Yes,0.0,Low,Solar,C
89,Male,32,No,5.0,Healthcare,Yes,6.0,Low,Solar,D
90,Male,69,Yes,2.0,Homemaker,Yes,1.0,High,Solar,B
91,Female,71,Yes,2.0,Lawyer,Yes,1.0,High,Solar,C
92,Male,43,No,1.0,Lawyer,Yes,0.0,Low,Hydro,D
93,Male,37,Yes,2.0,Artist,Yes,0.0,Low,Solar,A
94,Male,42,No,1.0,Doctor,Yes,0.0,Low,Solar,A
95,Female,70,Yes,2.0,Doctor,Yes,1.0,Average,Solar,C
96,Male,46,No,2.0,Artist,Yes,0.0,Low,Solar,C
97,Male,21,No,2.0,Healthcare,No,1.0,Low,Tidal,D
98,Male,70,Yes,2.0,Artist,Yes,0.0,Average,Solar,C
99,Female,61,Yes,2.0,Artist,Yes,1.0,Low,Solar,C
100,Male,60,Yes,1.0,Entertainment,Yes,1.0,Low,Solar,A
101,Male,37,No,2.0,Entertainment,Yes,0.0,Low,Biomass,A
102,Male,30,Yes,2.0,Healthcare,Yes,1.0,Low,Solar,D
103,Female,32,No,3.0,Engineer,Yes,1.0,Low,Solar,A
104,Male,26,Yes,3.0,Executive,Yes,0.0,Low,Solar,D
105,Male,42,No,1.0,Marketing,Yes,0.0,Low,Solar,D
106,Female,18,No,2.0,Doctor,No,1.0,Low,Solar,D
107,Male,80,Yes,2.0,Executive,No,1.0,Low,Solar,B
108,Male,29,Yes,2.0,Healthcare,Yes,8.0,High,Solar,D
109,Female,88,Yes,2.0,Artist,Yes,1.0,High,Solar,C
110,Male,70,Yes,1.0,Lawyer,Yes,1.0,Low,Solar,A
111,Female,50,Yes,4.0,Artist,Yes,1.0,High,Solar,C
112,Male,43,Yes,4.0,Doctor,Yes,4.0,Average,Wind,C
113,Male,51,Yes,2.0,Artist,Yes,6.0,Average,Solar,C
114,Female,50,Yes,3.0,Artist,Yes,1.0,High,Solar,C
115,Female,74,Yes,1.0,Homemaker,No,1.0,Low,Solar,A
116,Female,29,No,3.0,Healthcare,Yes,1.0,Low,Solar,D
117,Female,32,No,2.0,Engineer,Yes,1.0,Low,Solar,A
118,Male,60,Yes,2.0,Executive,No,0.0,Low,Solar,A
119,Male,46,No,1.0,Artist,Yes,2.0,Low,Solar,A
120,Female,81,Yes,2.0,Marketing,Yes,0.0,Low,Solar,C
121,Male,41,Yes,7.0,Engineer,No,1.0,Average,Hydro,B
122,Male,22,Yes,4.0,Executive,No,0.0,High,Solar,D
123,Male,37,Yes,3.0,Artist,Yes,0.0,Average,Solar,C
124,Male,43,Yes,1.0,Engineer,No,0.0,Low,Solar,A
125,Male,50,Yes,3.0,Artist,Yes,1.0,Average,Solar,C
126,Female,35,Yes,2.0,Artist,Yes,1.0,Average,Not Interested,C
127,Male,65,Yes,2.0,Lawyer,No,1.0,High,Solar,A
128,Female,41,No,4.0,Engineer,Yes,0.0,Low,Solar,A
129,Male,28,No,2.0,Entertainment,No,8.0,Low,Solar,D
130,Male,55,Yes,2.0,Artist,Yes,4.0,Average,Solar,C
131,Female,58,Yes,2.0,Lawyer,No,1.0,High,Solar,A
132,Male,28,No,3.0,Healthcare,No,1.0,Low,Solar,D
133,Male,48,Yes,4.0,Artist,Yes,1.0,Average,Not Interested,C
134,Female,78,Yes,2.0,Doctor,No,1.0,High,Solar,B
135,Female,35,No,3.0,Doctor,Yes,1.0,Low,Solar,A
136,Female,76,Yes,2.0,Lawyer,Yes,0.0,High,Solar,C
137,Female,88,Yes,2.0,Lawyer,Yes,1.0,High,Solar,C
138,Male,61,Yes,3.0,Artist,Yes,1.0,Average,Solar,C
139,Female,79,Yes,2.0,Artist,Yes,1.0,High,Solar,C
140,Male,30,No,4.0,Doctor,No,0.0,Low,Solar,D
141,Male,69,Yes,2.0,Executive,No,0.0,High,Solar,B
142,Male,65,Yes,2.0,Doctor,Yes,1.0,Average,Solar,C
143,Female,70,Yes,2.0,Lawyer,Yes,1.0,Low,Solar,A
144,Male,32,Yes,4.0,Healthcare,No,0.0,Average,Solar,D
145,Male,46,Yes,4.0,Entertainment,Yes,1.0,Low,Solar,A
146,Male,21,No,5.0,Healthcare,No,8.0,Low,Solar,D
147,Male,47,Yes,3.0,Doctor,Yes,1.0,Low,Solar,A
148,Female,39,No,2.0,Marketing,No,0.0,Low,Hydro,D
149,Male,85,Yes,3.0,Lawyer,Yes,0.0,Low,Solar,A
150,Female,66,No,2.0,Artist,Yes,0.0,Low,Solar,C
151,Female,50,Yes,2.0,Artist,Yes,1.0,Average,Solar,C
152,Female,42,Yes,3.0,Artist,Yes,0.0,Average,Solar,C
153,Male,53,Yes,1.0,Artist,Yes,9.0,Low,Solar,A
154,Male,37,Yes,2.0,Artist,Yes,1.0,Low,Solar,A
155,Female,45,Yes,2.0,Artist,Yes,1.0,Low,Solar,B
156,Female,66,No,1.0,Lawyer,No,1.0,Low,Solar,D
157,Male,33,No,2.0,Marketing,No,1.0,Low,Solar,D
158,Male,40,Yes,1.0,Artist,Yes,4.0,Low,Solar,A
159,Female,35,Yes,1.0,Artist,Yes,1.0,Low,Tidal,A
160,Male,27,No,2.0,Artist,Yes,1.0,Low,Solar,A
161,Female,48,Yes,3.0,Artist,Yes,0.0,Average,Hydro,C
162,Female,56,Yes,2.0,Artist,Yes,0.0,Average,Solar,C
163,Male,25,Yes,6.0,Healthcare,Yes,1.0,Low,Solar,D
164,Female,30,No,8.0,Artist,No,1.0,Low,Solar,C
165,Female,46,Yes,3.0,Entertainment,Yes,7.0,Low,Solar,A
166,Male,49,Yes,2.0,Lawyer,No,0.0,Low,Solar,D
167,Male,72,Yes,4.0,Marketing,No,1.0,Low,Solar,D
168,Female,79,Yes,2.0,Lawyer,Yes,1.0,High,Solar,C
169,Female,35,No,3.0,Artist,Yes,1.0,Low,Solar,C
170,Female,77,Yes,1.0,Lawyer,Yes,0.0,Low,Solar,A
171,Female,79,Yes,2.0,Lawyer,No,1.0,High,Solar,A
172,Male,42,Yes,4.0,Healthcare,Yes,6.0,High,Solar,C
173,Female,42,No,1.0,Engineer,Yes,1.0,Low,Solar,A
174,Male,67,Yes,2.0,Lawyer,No,1.0,High,Tidal,D
175,Male,26,No,1.0,Healthcare,Yes,1.0,Low,Solar,D
176,Male,67,Yes,2.0,Lawyer,Yes,1.0,High,Solar,A
177,Male,55,Yes,1.0,Engineer,Yes,1.0,Low,Solar,A
178,Female,56,Yes,2.0,Artist,Yes,1.0,Average,Solar,C
179,Male,63,Yes,4.0,Artist,Yes,1.0,Average,Solar,C
180,Male,46,Yes,2.0,Artist,Yes,8.0,Average,Solar,C
181,Male,32,Yes,2.0,Healthcare,Yes,7.0,Low,Solar,D
182,Female,49,No,1.0,Homemaker,Yes,13.0,Low,Solar,A
183,Male,59,Yes,2.0,Artist,Yes,1.0,High,Solar,C
184,Male,22,No,5.0,Healthcare,No,8.0,Low,Hydro,D
185,Female,28,No,1.0,Artist,Yes,8.0,Low,Solar,A
186,Male,28,No,3.0,Entertainment,Yes,1.0,Low,Solar,A
187,Male,75,Yes,1.0,Lawyer,Yes,2.0,Low,Solar,A
188,Female,37,Yes,2.0,Artist,Yes,13.0,Low,Solar,A
189,Male,50,Yes,2.0,Doctor,Yes,0.0,Average,Solar,C
190,Female,50,Yes,4.0,Executive,Yes,1.0,High,Solar,C
191,Female,88,Yes,2.0,Lawyer,No,1.0,Low,Solar,A
192,Female,35,Yes,5.0,Artist,Yes,3.0,Average,Hydro,C
193,Female,35,No,2.0,Artist,No,1.0,Low,Not Interested,A
194,Male,31,Yes,3.0,Entertainment,No,1.0,Average,Solar,A
195,Male,46,Yes,1.0,Artist,Yes,0.0,Low,Solar,A
196,Female,50,Yes,4.0,Artist,Yes,1.0,Average,Solar,C
197,Female,33,No,3.0,Artist,Yes,7.0,Low,Solar,C
198,Male,49,Yes,1.0,Artist,Yes,0.0,Low,Solar,B
199,Male,52,Yes,3.0,Artist,Yes,1.0,Average,Solar,C
200,Male,25,No,3.0,Healthcare,No,0.0,Low,Solar,D
201,Female,41,Yes,1.0,Artist,Yes,6.0,Low,Solar,A
202,Female,68,Yes,2.0,Artist,Yes,0.0,High,Solar,C
203,Female,79,Yes,2.0,Lawyer,No,2.0,High,Solar,A
204,Male,40,Yes,5.0,Entertainment,Yes,5.0,Average,Solar,C
205,Female,62,No,1.0,Doctor,Yes,1.0,Low,Solar,A
206,Male,21,No,2.0,Healthcare,No,1.0,Low,Solar,D
207,Female,20,No,4.0,Healthcare,No,1.0,Low,Tidal,D
208,Male,28,No,5.0,Entertainment,Yes,1.0,Low,Solar,D
209,Male,57,Yes,2.0,Doctor,Yes,0.0,Average,Hydro,B
210,Female,25,No,2.0,Healthcare,No,8.0,Low,Solar,D
211,Female,63,Yes,1.0,Engineer,No,8.0,Low,Solar,A
212,Female,26,Yes,3.0,Entertainment,No,1.0,Low,Solar,D
213,Female,50,Yes,3.0,Marketing,No,0.0,High,Hydro,D
214,Female,30,No,4.0,Marketing,No,9.0,Low,Biomass,D
215,Female,26,No,4.0,Engineer,No,1.0,Low,Hydro,D
216,Male,61,Yes,3.0,Artist,Yes,1.0,Average,Solar,C
217,Male,42,No,1.0,Artist,Yes,3.0,Low,Solar,A
218,Male,88,Yes,2.0,Artist,Yes,4.0,Low,Solar,C
219,Male,45,Yes,3.0,Artist,No,3.0,Average,Solar,C
220,Female,86,Yes,1.0,Lawyer,Yes,1.0,Low,Solar,A
221,Male,18,No,5.0,Healthcare,No,1.0,Low,Solar,D
222,Male,37,No,1.0,Entertainment,Yes,1.0,Low,Solar,A
223,Male,46,Yes,1.0,Artist,Yes,1.0,Low,Solar,A
224,Male,58,Yes,2.0,Artist,No,1.0,Average,Solar,C
225,Female,72,Yes,2.0,Lawyer,Yes,8.0,High,Solar,C
226,Female,50,Yes,3.0,Artist,Yes,0.0,High,Solar,C
227,Female,56,Yes,3.0,Engineer,Yes,8.0,Average,Solar,B
228,Male,46,No,3.0,Artist,No,3.0,Low,Geothermal,A
229,Male,57,Yes,1.0,Artist,Yes,1.0,Low,Solar,B
230,Male,42,Yes,6.0,Executive,No,9.0,High,Solar,D
231,Male,20,No,4.0,Healthcare,No,1.0,Low,Solar,D
232,Male,19,No,3.0,Healthcare,No,1.0,Low,Solar,D
233,Male,19,No,4.0,Healthcare,No,4.0,Low,Solar,D
234,Male,68,Yes,1.0,Executive,Yes,1.0,Low,Solar,B
235,Female,40,Yes,2.0,Artist,Yes,0.0,Low,Solar,B
236,Male,82,Yes,2.0,Lawyer,No,1.0,High,Solar,A
237,Female,23,No,3.0,Healthcare,No,1.0,Low,Solar,D
238,Female,84,Yes,2.0,Lawyer,No,1.0,High,Solar,B
239,Male,51,Yes,4.0,Artist,No,0.0,Low,Tidal,A
240,Male,59,Yes,2.0,Artist,Yes,1.0,Average,Solar,C
241,Female,41,Yes,5.0,Artist,Yes,1.0,Average,Solar,C
242,Male,51,Yes,2.0,Executive,No,1.0,High,Solar,B
243,Female,62,Yes,3.0,Artist,No,1.0,Average,Solar,C
244,Female,62,Yes,4.0,Lawyer,No,1.0,High,Hydro,A
245,Female,38,Yes,1.0,Artist,Yes,8.0,Low,Solar,A
246,Male,18,No,4.0,Artist,No,1.0,Low,Hydro,D
247,Male,22,No,4.0,Healthcare,No,3.0,Low,Solar,D
248,Female,30,Yes,3.0,Doctor,Yes,0.0,Low,Wind,A
249,Female,62,Yes,1.0,Entertainment,Yes,1.0,Low,Solar,A
250,Female,43,No,3.0,Entertainment,No,1.0,Low,Solar,A
251,Female,32,No,1.0,Engineer,Yes,1.0,Low,Wind,A
252,Male,37,Yes,2.0,Artist,Yes,1.0,High,Solar,C
253,Male,48,No,1.0,Artist,Yes,1.0,Low,Solar,A
254,Female,31,No,2.0,Engineer,Yes,4.0,Low,Solar,A
255,Male,46,Yes,4.0,Artist,No,4.0,High,Solar,C
256,Female,49,Yes,4.0,Engineer,No,1.0,Average,Solar,B
257,Male,43,Yes,4.0,Doctor,No,1.0,Average,Solar,C
258,Male,42,No,1.0,Artist,Yes,8.0,Low,Solar,A
259,Male,37,Yes,2.0,Doctor,Yes,1.0,Low,Solar,A
260,Male,72,Yes,2.0,Entertainment,Yes,1.0,High,Solar,B
261,Male,71,Yes,1.0,Executive,No,1.0,High,Solar,B
262,Female,39,No,1.0,Engineer,Yes,1.0,Low,Hydro,A
263,Male,20,No,5.0,Healthcare,No,0.0,Low,Biomass,D
264,Female,26,No,1.0,Artist,No,1.0,Low,Not Interested,A
265,Male,72,Yes,1.0,Executive,Yes,1.0,Low,Solar,B
266,Male,70,Yes,1.0,Healthcare,Yes,0.0,Low,Hydro,D
267,Male,45,No,1.0,Artist,Yes,2.0,Low,Solar,A
268,Male,33,No,5.0,Executive,No,7.0,Low,Solar,D
269,Male,50,Yes,3.0,Entertainment,No,0.0,Average,Solar,B
270,Male,31,No,1.0,Entertainment,Yes,6.0,Low,Solar,A
271,Female,74,Yes,2.0,Lawyer,No,1.0,High,Solar,A
272,Female,68,Yes,2.0,Artist,No,1.0,High,Solar,C
273,Female,49,No,1.0,Artist,Yes,1.0,Low,Solar,C
274,Male,49,Yes,2.0,Marketing,Yes,0.0,High,Solar,C
275,Female,18,No,3.0,Healthcare,No,1.0,Low,Solar,D
276,Female,85,Yes,2.0,Entertainment,No,2.0,Average,Solar,C
277,Female,38,No,4.0,Entertainment,Yes,1.0,Low,Solar,A
278,Male,28,Yes,4.0,Artist,No,0.0,Low,Solar,A
279,Male,46,Yes,2.0,Artist,No,3.0,Average,Solar,C
280,Male,59,Yes,3.0,Homemaker,Yes,9.0,Average,Solar,C
281,Female,56,Yes,2.0,Artist,Yes,0.0,Low,Solar,C
282,Male,69,Yes,1.0,Artist,Yes,0.0,Low,Solar,B
283,Male,66,Yes,2.0,Artist,Yes,0.0,Low,Solar,C
284,Male,18,No,6.0,Healthcare,No,4.0,Low,Biomass,D
285,Male,36,No,1.0,Artist,Yes,4.0,Low,Hydro,A
286,Male,31,No,2.0,Marketing,Yes,1.0,Low,Wind,D
287,Male,67,Yes,2.0,Executive,No,1.0,High,Hydro,B
288,Female,39,No,1.0,Artist,Yes,7.0,Low,Solar,A
289,Male,42,No,3.0,Entertainment,Yes,4.0,Low,Solar,A
290,Male,50,Yes,2.0,Artist,Yes,0.0,Low,Solar,B
291,Female,37,Yes,2.0,Artist,Yes,0.0,Average,Solar,C
292,Female,59,No,1.0,Artist,Yes,0.0,Low,Solar,C
293,Male,50,Yes,2.0,Artist,Yes,8.0,Low,Solar,A
294,Male,48,Yes,3.0,Artist,Yes,8.0,Low,Biomass,B
295,Male,55,Yes,1.0,Artist,Yes,9.0,Low,Solar,A
296,Female,33,No,3.0,Doctor,Yes,1.0,Low,Solar,A
297,Male,38,No,1.0,Artist,Yes,13.0,Low,Not Interested,A
298,Male,43,No,2.0,Artist,Yes,0.0,Low,Solar,A
299,Female,53,No,2.0,Artist,Yes,0.0,Low,Solar,C
300,Male,37,No,1.0,Entertainment,Yes,0.0,Low,Solar,A
301,Female,36,No,1.0,Artist,Yes,5.0,Low,Solar,A
302,Male,36,No,1.0,Artist,Yes,5.0,Low,Solar,A
303,Male,62,Yes,1.0,Artist,Yes,1.0,Low,Solar,B
304,Female,38,No,2.0,Artist,No,2.0,Low,Solar,A
305,Male,55,No,1.0,Entertainment,Yes,1.0,Low,Solar,A
306,Male,60,Yes,2.0,Entertainment,No,1.0,Average,Solar,B
307,Female,36,Yes,2.0,Entertainment,Yes,7.0,Average,Geothermal,B
308,Male,30,No,9.0,Entertainment,No,5.0,Low,Wind,D
309,Female,66,No,3.0,Entertainment,No,4.0,Low,Solar,A
310,Male,45,Yes,1.0,Entertainment,Yes,1.0,Low,Solar,A
311,Female,40,No,2.0,Entertainment,Yes,6.0,Low,Solar,A
312,Female,45,Yes,3.0,Entertainment,Yes,5.0,Low,Solar,A
313,Male,41,Yes,1.0,Artist,Yes,2.0,Low,Solar,A
314,Female,62,Yes,1.0,Homemaker,Yes,4.0,Low,Geothermal,B
315,Male,61,Yes,2.0,Artist,Yes,1.0,Low,Solar,B
316,Female,50,Yes,2.0,Artist,Yes,4.0,Low,Solar,B
317,Male,53,Yes,2.0,Entertainment,Yes,3.0,Low,Solar,A
318,Male,39,No,1.0,Artist,Yes,7.0,Low,Solar,A
319,Female,86,No,1.0,Lawyer,Yes,0.0,Low,Wind,A
320,Male,50,Yes,1.0,Artist,Yes,1.0,Low,Hydro,A
321,Female,46,No,2.0,Entertainment,No,4.0,Low,Hydro,A
322,Male,52,No,1.0,Marketing,Yes,0.0,Low,Wind,D
323,Female,45,No,1.0,Marketing,No,0.0,Low,Solar,D
324,Female,37,No,1.0,Artist,Yes,9.0,Low,Solar,A
325,Female,36,Yes,1.0,Engineer,Yes,3.0,Low,Solar,A
326,Female,25,No,1.0,Artist,Yes,1.0,Low,Solar,A
327,Female,40,No,1.0,Doctor,No,1.0,Low,Solar,A
328,Male,41,Yes,2.0,Artist,Yes,11.0,High,Solar,C
329,Female,25,Yes,2.0,Homemaker,Yes,1.0,High,Solar,B
330,Male,80,Yes,2.0,Lawyer,No,4.0,Average,Solar,C
331,Female,46,No,1.0,Artist,Yes,3.0,Low,Wind,A
332,Female,81,Yes,1.0,Lawyer,Yes,1.0,Low,Solar,A
333,Male,40,Yes,2.0,Artist,Yes,0.0,Low,Wind,A
334,Male,49,No,1.0,Artist,Yes,1.0,Low,Wind,A
335,Female,26,No,3.0,Healthcare,Yes,8.0,Low,Wind,D
336,Male,26,No,1.0,Artist,Yes,1.0,Low,Hydro,A
337,Female,47,No,1.0,Artist,Yes,0.0,Low,Hydro,A
338,Female,71,Yes,2.0,Entertainment,Yes,0.0,Low,Solar,A
339,Male,48,Yes,5.0,Engineer,Yes,1.0,Average,Solar,C
340,Male,39,Yes,3.0,Artist,Yes,1.0,Average,Biomass,C
341,Male,50,Yes,2.0,Artist,Yes,8.0,Average,Solar,C
342,Female,46,No,2.0,Artist,Yes,1.0,Low,Solar,C
343,Male,26,Yes,2.0,Engineer,Yes,8.0,Average,Wind,A
344,Female,42,Yes,2.0,Artist,Yes,1.0,Low,Solar,B
345,Female,36,Yes,2.0,Artist,Yes,4.0,Low,Solar,B
346,Male,29,No,4.0,Healthcare,Yes,1.0,Low,Solar,D
347,Female,39,No,1.0,Artist,No,1.0,Low,Solar,A
348,Female,41,No,3.0,Artist,Yes,0.0,Low,Solar,C
349,Female,48,Yes,2.0,Marketing,Yes,8.0,Low,Solar,D
350,Male,40,Yes,3.0,Entertainment,Yes,9.0,High,Solar,A
351,Female,25,No,3.0,Healthcare,Yes,4.0,Low,Solar,D
352,Female,41,Yes,2.0,Artist,Yes,7.0,Low,Solar,A
353,Male,37,No,1.0,Artist,Yes,11.0,Low,Solar,A
354,Female,53,No,2.0,Doctor,Yes,0.0,Low,Wind,A
355,Female,51,Yes,3.0,Engineer,Yes,0.0,Average,Wind,B
356,Male,73,Yes,3.0,Entertainment,Yes,1.0,Average,Solar,C
357,Male,61,Yes,5.0,Artist,No,1.0,Low,Hydro,A
358,Male,39,No,1.0,Entertainment,Yes,5.0,Low,Wind,A
359,Female,19,No,4.0,Healthcare,No,0.0,Low,Biomass,D
360,Female,19,No,7.0,Healthcare,No,0.0,Low,Biomass,D
361,Female,23,No,5.0,Entertainment,No,1.0,Low,Biomass,D
362,Male,83,Yes,2.0,Executive,Yes,0.0,High,Biomass,B
363,Female,62,Yes,2.0,Artist,Yes,1.0,High,Solar,C
364,Female,43,No,4.0,Artist,Yes,9.0,Low,Solar,C
365,Female,27,No,5.0,Artist,No,0.0,Low,Biomass,B
366,Male,50,No,1.0,Artist,Yes,0.0,Low,Solar,A
367,Female,23,No,6.0,Entertainment,No,0.0,Low,Biomass,D
368,Male,35,No,2.0,Entertainment,No,9.0,Low,Solar,D
369,Male,32,No,3.0,Healthcare,No,9.0,Low,Solar,D
370,Female,42,No,3.0,Doctor,Yes,2.0,Low,Solar,A
371,Male,33,No,1.0,Entertainment,No,13.0,Low,Solar,D
372,Female,28,No,3.0,Entertainment,Yes,9.0,Low,Solar,A
373,Male,35,Yes,2.0,Artist,Yes,1.0,Low,Not Interested,A
374,Female,35,No,2.0,Healthcare,Yes,9.0,Low,Solar,D
375,Female,39,Yes,2.0,Entertainment,Yes,0.0,Low,Solar,A
376,Male,28,Yes,1.0,Artist,Yes,6.0,Low,Solar,A
377,Male,35,Yes,6.0,Entertainment,Yes,11.0,Low,Solar,D
378,Female,45,Yes,2.0,Engineer,Yes,0.0,Average,Solar,B
379,Female,73,Yes,2.0,Lawyer,Yes,4.0,High,Solar,C
380,Male,52,No,1.0,Entertainment,No,1.0,Low,Solar,A
381,Male,28,No,3.0,Healthcare,No,0.0,Low,Solar,D
382,Male,38,Yes,3.0,Healthcare,Yes,9.0,Low,Solar,D
383,Female,42,No,1.0,Entertainment,Yes,8.0,Low,Solar,A
384,Female,26,No,2.0,Doctor,No,9.0,Low,Solar,D
385,Female,27,No,2.0,Healthcare,Yes,7.0,Low,Solar,D
386,Male,41,Yes,2.0,Artist,Yes,0.0,Low,Solar,B
387,Male,41,Yes,2.0,Artist,Yes,1.0,Low,Solar,B
388,Male,47,Yes,4.0,Executive,Yes,0.0,High,Solar,C
389,Male,35,No,1.0,Doctor,Yes,8.0,Low,Solar,A
390,Female,88,No,1.0,Lawyer,Yes,0.0,Low,Solar,A
391,Female,46,No,1.0,Artist,Yes,6.0,Low,Solar,A
392,Female,41,Yes,2.0,Artist,Yes,3.0,Low,Solar,B
393,Female,30,No,5.0,Doctor,Yes,10.0,Low,Solar,D
394,Male,43,Yes,2.0,Doctor,Yes,12.0,Low,Solar,A
395,Female,29,No,2.0,Entertainment,Yes,9.0,Low,Solar,A
396,Male,48,Yes,1.0,Artist,Yes,1.0,Low,Solar,A
397,Female,61,Yes,6.0,Artist,Yes,4.0,Average,Hydro,C
398,Female,51,No,1.0,Lawyer,Yes,2.0,Low,Solar,D
399,Female,38,No,1.0,Artist,Yes,2.0,Low,Solar,A
400,Female,49,Yes,1.0,Entertainment,Yes,0.0,High,Solar,B
401,Female,43,No,1.0,Healthcare,Yes,9.0,Low,Solar,D
402,Male,27,No,4.0,Healthcare,No,14.0,Low,Solar,D
403,Female,35,No,6.0,Doctor,No,14.0,Low,Not Interested,D
404,Female,39,Yes,2.0,Doctor,No,4.0,Average,Not Interested,A
405,Female,52,Yes,2.0,Engineer,No,9.0,Low,Solar,A
406,Female,38,No,1.0,Engineer,Yes,10.0,Low,Solar,A
407,Female,30,No,2.0,Entertainment,Yes,12.0,Low,Solar,A
408,Female,43,No,1.0,Artist,Yes,10.0,Low,Solar,A
409,Female,42,No,4.0,Entertainment,No,10.0,Low,Solar,D
410,Female,46,No,1.0,Artist,Yes,2.0,Low,Not Interested,A
411,Female,47,No,2.0,Artist,Yes,11.0,Low,Solar,A
412,Female,32,No,5.0,Entertainment,No,13.0,Low,Not Interested,D
413,Female,53,Yes,2.0,Artist,Yes,11.0,Average,Solar,C
414,Female,43,Yes,2.0,Artist,Yes,12.0,Average,Solar,C
415,Female,39,No,2.0,Artist,Yes,0.0,Low,Solar,C
416,Male,42,Yes,2.0,Artist,Yes,3.0,Average,Solar,C
417,Female,37,No,1.0,Artist,Yes,3.0,Low,Wind,A
418,Male,19,No,4.0,Healthcare,No,0.0,Low,Solar,D
419,Male,30,No,1.0,Marketing,No,1.0,Low,Wind,D
420,Female,49,Yes,1.0,Artist,Yes,0.0,Low,Hydro,A
421,Male,55,Yes,3.0,Healthcare,Yes,0.0,Low,Hydro,D
422,Female,59,Yes,2.0,Doctor,Yes,1.0,Low,Hydro,A
423,Female,46,Yes,2.0,Artist,Yes,1.0,Low,Solar,B
424,Female,27,Yes,2.0,Executive,Yes,9.0,High,Solar,B
425,Female,25,No,2.0,Artist,Yes,1.0,Low,Solar,A
426,Female,37,No,1.0,Doctor,Yes,1.0,Low,Solar,A
427,Male,38,No,3.0,Artist,Yes,9.0,Low,Solar,A
428,Male,29,No,3.0,Entertainment,Yes,9.0,Low,Solar,D
429,Male,28,No,2.0,Artist,Yes,11.0,Low,Solar,A
430,Female,27,Yes,2.0,Marketing,Yes,8.0,Low,Solar,D
431,Female,42,No,2.0,Entertainment,No,3.0,Low,Solar,A
432,Female,43,No,2.0,Artist,Yes,14.0,Low,Solar,A
433,Female,40,Yes,2.0,Healthcare,Yes,8.0,Average,Solar,C
434,Male,41,No,3.0,Artist,Yes,9.0,Low,Solar,A
435,Male,46,Yes,1.0,Entertainment,No,8.0,Low,Tidal,A
436,Female,32,No,3.0,Healthcare,Yes,9.0,Low,Solar,D
437,Female,56,No,1.0,Entertainment,Yes,1.0,Low,Solar,A
438,Male,28,No,1.0,Marketing,Yes,12.0,Low,Solar,D
439,Female,25,No,3.0,Artist,Yes,0.0,Low,Not Interested,A
440,Male,42,Yes,7.0,Artist,Yes,6.0,Low,Solar,C
441,Female,41,No,2.0,Entertainment,Yes,5.0,Low,Solar,A
442,Male,36,Yes,2.0,Healthcare,Yes,3.0,Low,Solar,D
443,Female,42,No,1.0,Artist,Yes,2.0,Low,Solar,A
444,Female,42,No,4.0,Artist,Yes,8.0,Low,Solar,C
445,Female,55,No,2.0,Entertainment,Yes,1.0,Low,Solar,A
446,Male,52,Yes,2.0,Entertainment,Yes,1.0,High,Solar,A
447,Female,47,No,1.0,Engineer,Yes,1.0,Low,Solar,A
448,Male,57,Yes,3.0,Artist,Yes,2.0,High,Solar,C
449,Female,26,No,1.0,Artist,Yes,8.0,Low,Solar,A
450,Female,28,No,2.0,Artist,No,5.0,Low,Solar,A
451,Female,37,No,1.0,Doctor,Yes,0.0,Low,Solar,A
452,Male,89,Yes,1.0,Lawyer,No,0.0,Low,Wind,A
453,Male,25,No,1.0,Marketing,No,2.0,Low,Wind,D
454,Male,50,Yes,4.0,Executive,Yes,1.0,High,Hydro,B
455,Female,42,No,1.0,Doctor,Yes,5.0,Low,Solar,A
456,Male,48,No,1.0,Artist,Yes,1.0,Low,Solar,A
457,Female,37,No,2.0,Entertainment,Yes,9.0,Low,Wind,A
458,Female,30,No,5.0,Engineer,No,1.0,Low,Wind,D
459,Male,26,Yes,4.0,Entertainment,No,2.0,Low,Wind,D
460,Female,47,Yes,2.0,Artist,Yes,1.0,Average,Solar,C
461,Male,36,No,4.0,Healthcare,No,1.0,Low,Hydro,D
462,Male,53,Yes,4.0,Doctor,No,1.0,Average,Wind,C
463,Male,30,No,6.0,Entertainment,No,1.0,Low,Wind,D
464,Female,20,No,7.0,Healthcare,No,4.0,Low,Wind,D
465,Female,19,No,5.0,Marketing,No,8.0,Low,Wind,D
466,Male,19,No,6.0,Healthcare,No,9.0,Low,Wind,D
467,Female,37,No,2.0,Marketing,No,12.0,Low,Wind,D
468,Male,20,No,6.0,Healthcare,No,0.0,Low,Wind,D
469,Male,39,Yes,3.0,Executive,No,1.0,Average,Wind,B
470,Female,26,No,3.0,Engineer,Yes,1.0,Low,Wind,A
471,Male,31,No,4.0,Doctor,No,0.0,Low,Wind,D
472,Male,31,Yes,3.0,Healthcare,Yes,2.0,High,Wind,D
473,Female,41,Yes,3.0,Engineer,Yes,9.0,Average,Wind,B
474,Female,32,Yes,2.0,Homemaker,No,1.0,Average,Hydro,A
475,Female,42,Yes,3.0,Homemaker,Yes,0.0,Average,Wind,B
476,Female,89,Yes,2.0,Lawyer,No,1.0,Low,Wind,A
477,Male,78,Yes,3.0,Lawyer,No,1.0,High,Wind,A
478,Female,65,Yes,2.0,Lawyer,Yes,1.0,Low,Wind,A
479,Female,48,Yes,2.0,Homemaker,Yes,0.0,Average,Wind,B
480,Male,36,No,2.0,Artist,Yes,8.0,Low,Wind,A
481,Female,55,Yes,4.0,Artist,Yes,0.0,Average,Wind,C
482,Male,52,Yes,2.0,Engineer,Yes,0.0,Average,Wind,B
483,Male,52,Yes,3.0,Homemaker,Yes,7.0,Average,Wind,B
484,Female,41,Yes,1.0,Artist,Yes,1.0,Low,Wind,A
485,Female,36,Yes,1.0,Engineer,Yes,1.0,Low,Wind,A
486,Female,37,No,1.0,Engineer,No,7.0,Low,Wind,A
487,Female,40,No,2.0,Healthcare,No,1.0,Low,Tidal,D
488,Male,38,Yes,2.0,Homemaker,Yes,1.0,Average,Wind,B
489,Male,25,No,3.0,Doctor,No,0.0,Low,Wind,D
490,Female,33,No,4.0,Engineer,Yes,1.0,Low,Wind,A
491,Male,26,No,1.0,Artist,Yes,1.0,Low,Wind,A
492,Female,28,No,1.0,Entertainment,No,0.0,Low,Wind,A
493,Male,18,No,6.0,Marketing,No,0.0,Low,Wind,D
494,Male,52,No,3.0,Entertainment,No,0.0,Low,Wind,A
495,Male,26,No,2.0,Healthcare,Yes,0.0,Low,Wind,D
496,Male,18,No,4.0,Healthcare,No,0.0,Low,Wind,D
497,Female,20,No,2.0,Marketing,No,1.0,Low,Wind,D
498,Female,36,Yes,3.0,Doctor,Yes,0.0,Average,Wind,C
499,Male,27,Yes,2.0,Doctor,Yes,8.0,Average,Hydro,A
500,Male,21,No,5.0,Healthcare,No,1.0,Low,Not Interested,D
501,Male,27,No,4.0,Entertainment,Yes,8.0,Low,Wind,A
502,Female,28,No,2.0,Healthcare,Yes,1.0,Low,Wind,D
503,Male,63,Yes,4.0,Lawyer,Yes,1.0,Low,Wind,A
504,Male,48,No,2.0,Entertainment,Yes,1.0,Low,Wind,A
505,Male,80,Yes,2.0,Lawyer,Yes,1.0,Low,Wind,A
506,Female,71,Yes,3.0,Lawyer,Yes,7.0,High,Wind,B
507,Male,47,Yes,4.0,Doctor,No,8.0,High,Solar,A
508,Female,22,No,4.0,Artist,No,1.0,Low,Wind,A
509,Male,35,Yes,2.0,Artist,Yes,1.0,High,Wind,B
510,Female,40,No,6.0,Entertainment,No,1.0,Low,Wind,A
511,Female,18,No,2.0,Healthcare,No,1.0,Low,Wind,D
512,Female,26,No,4.0,Artist,Yes,0.0,Low,Wind,C
513,Female,73,Yes,5.0,Lawyer,Yes,1.0,Low,Tidal,C
514,Male,86,Yes,1.0,Lawyer,Yes,1.0,Low,Wind,A
515,Female,37,No,2.0,Doctor,No,1.0,Low,Wind,A
516,Male,59,Yes,2.0,Entertainment,Yes,1.0,Low,Wind,A
517,Female,28,No,1.0,Homemaker,No,8.0,Low,Hydro,D
518,Female,29,Yes,3.0,Artist,Yes,9.0,Low,Solar,A
519,Female,37,Yes,3.0,Marketing,Yes,7.0,Average,Solar,C
520,Female,46,Yes,3.0,Marketing,Yes,1.0,Average,Solar,C
521,Male,39,No,1.0,Entertainment,Yes,6.0,Low,Solar,A
522,Female,33,No,1.0,Homemaker,No,8.0,Low,Solar,D
523,Female,32,No,2.0,Doctor,Yes,1.0,Low,Wind,A
524,Female,32,No,2.0,Doctor,No,6.0,Low,Wind,D
525,Female,25,Yes,1.0,Homemaker,No,8.0,Low,Wind,D
526,Female,48,Yes,2.0,Homemaker,Yes,9.0,Average,Wind,B
527,Female,27,No,1.0,Homemaker,No,8.0,Low,Wind,D
528,Female,49,No,1.0,Artist,Yes,1.0,Low,Solar,C
529,Female,33,Yes,5.0,Engineer,Yes,8.0,Average,Hydro,B
530,Female,33,No,6.0,Engineer,No,7.0,Low,Hydro,D
531,Male,39,Yes,3.0,Artist,Yes,0.0,Low,Solar,B
532,Male,50,Yes,4.0,Entertainment,Yes,0.0,Average,Solar,C
533,Female,84,Yes,2.0,Lawyer,Yes,0.0,Low,Wind,A
534,Female,46,Yes,2.0,Artist,Yes,0.0,Average,Solar,C
535,Male,31,Yes,3.0,Entertainment,No,0.0,Average,Wind,A
536,Male,57,Yes,2.0,Artist,Yes,3.0,Average,Solar,C
537,Male,73,Yes,4.0,Executive,No,1.0,High,Wind,B
538,Male,36,Yes,4.0,Entertainment,Yes,9.0,Low,Solar,A
539,Male,53,No,4.0,Marketing,Yes,2.0,Low,Solar,D
540,Male,41,Yes,2.0,Entertainment,Yes,9.0,Average,Biomass,B
541,Female,53,No,2.0,Engineer,No,0.0,Low,Not Interested,A
542,Male,35,Yes,3.0,Artist,Yes,2.0,Average,Solar,C
543,Male,62,Yes,3.0,Artist,Yes,0.0,Average,Solar,C
544,Male,23,No,3.0,Marketing,No,0.0,Low,Solar,D
545,Male,51,No,2.0,Artist,Yes,1.0,Low,Solar,C
546,Female,83,Yes,2.0,Lawyer,No,1.0,High,Solar,B
547,Female,26,No,2.0,Healthcare,Yes,0.0,Low,Wind,D
548,Male,86,Yes,1.0,Lawyer,Yes,1.0,Low,Solar,A
549,Male,26,No,4.0,Healthcare,Yes,0.0,Low,Not Interested,D
550,Male,42,Yes,3.0,Executive,Yes,0.0,Low,Solar,B
551,Female,41,Yes,1.0,Homemaker,Yes,9.0,Low,Solar,A
552,Male,67,Yes,3.0,Lawyer,No,0.0,Low,Solar,D
553,Male,68,Yes,2.0,Lawyer,Yes,1.0,High,Solar,A
554,Female,45,Yes,2.0,Engineer,No,0.0,High,Solar,A
555,Female,86,Yes,2.0,Lawyer,No,0.0,High,Solar,B
556,Male,62,Yes,2.0,Artist,Yes,0.0,High,Wind,B
557,Male,42,Yes,2.0,Artist,Yes,1.0,Low,Solar,B
558,Male,26,No,3.0,Doctor,Yes,0.0,Low,Hydro,D
559,Male,48,No,1.0,Entertainment,No,1.0,Low,Solar,A
560,Male,40,Yes,5.0,Entertainment,No,3.0,Average,Biomass,B
561,Male,20,No,4.0,Healthcare,No,0.0,Low,Solar,D
562,Female,25,No,1.0,Artist,Yes,1.0,Low,Geothermal,A
563,Male,37,No,2.0,Artist,Yes,1.0,Low,Solar,A
564,Male,77,Yes,1.0,Lawyer,Yes,1.0,Low,Solar,A
565,Male,50,Yes,2.0,Healthcare,Yes,1.0,Low,Solar,D
566,Female,22,No,4.0,Marketing,No,0.0,Low,Solar,D
567,Male,26,No,3.0,Artist,Yes,1.0,Low,Solar,A
568,Male,71,Yes,3.0,Doctor,No,0.0,Average,Solar,C
569,Male,50,Yes,2.0,Artist,Yes,1.0,Low,Solar,B
570,Male,29,No,1.0,Entertainment,No,1.0,Low,Hydro,D
571,Male,51,Yes,4.0,Entertainment,Yes,1.0,Low,Solar,A
572,Male,52,Yes,4.0,Artist,Yes,6.0,Average,Solar,C
573,Male,20,No,3.0,Healthcare,No,1.0,Low,Wind,D
574,Male,26,No,9.0,Doctor,Yes,0.0,Low,Hydro,D
575,Male,37,No,2.0,Healthcare,Yes,1.0,Low,Hydro,D
576,Female,33,No,2.0,Healthcare,Yes,1.0,Low,Solar,D
577,Female,39,Yes,2.0,Artist,Yes,0.0,Low,Hydro,A
578,Female,53,Yes,5.0,Artist,No,1.0,Average,Solar,C
579,Male,49,Yes,4.0,Entertainment,No,0.0,Average,Solar,B
580,Male,21,No,2.0,Healthcare,No,0.0,Low,Wind,D
581,Male,39,Yes,1.0,Homemaker,No,8.0,Low,Solar,D
582,Female,38,Yes,4.0,Artist,No,2.0,Average,Wind,C
583,Male,22,No,4.0,Healthcare,No,4.0,Low,Solar,D
584,Male,52,Yes,4.0,Artist,No,2.0,Average,Solar,C
585,Male,40,No,3.0,Entertainment,Yes,1.0,Low,Solar,A
586,Male,20,No,3.0,Doctor,No,8.0,Low,Solar,D
587,Male,41,No,3.0,Executive,Yes,1.0,Low,Solar,D
588,Male,30,No,1.0,Artist,Yes,1.0,Low,Wind,A
589,Female,89,Yes,3.0,Lawyer,Yes,1.0,High,Solar,C
590,Male,83,Yes,3.0,Lawyer,No,1.0,High,Solar,A
591,Male,53,Yes,3.0,Artist,Yes,0.0,Average,Solar,C
592,Male,31,No,5.0,Doctor,No,1.0,Low,Biomass,D
593,Male,48,Yes,4.0,Artist,Yes,1.0,Average,Solar,C
594,Female,29,No,2.0,Doctor,No,0.0,Low,Solar,D
595,Male,87,Yes,1.0,Lawyer,Yes,0.0,Low,Solar,A
596,Male,19,No,7.0,Engineer,No,4.0,Low,Solar,D
597,Male,60,Yes,2.0,Entertainment,No,1.0,Low,Solar,A
598,Male,23,No,2.0,Healthcare,No,1.0,Low,Wind,D
599,Male,61,Yes,4.0,Executive,Yes,9.0,High,Solar,C
600,Female,27,No,3.0,Artist,Yes,1.0,Low,Solar,C
601,Male,32,Yes,2.0,Doctor,No,14.0,Average,Wind,A
602,Male,79,Yes,2.0,Lawyer,Yes,0.0,High,Solar,C
603,Male,19,No,4.0,Healthcare,No,1.0,Low,Solar,D
604,Male,42,Yes,3.0,Executive,Yes,0.0,High,Hydro,B
605,Male,76,Yes,1.0,Lawyer,No,1.0,Low,Solar,D
606,Female,41,Yes,2.0,Marketing,No,1.0,Average,Solar,C
607,Male,38,Yes,4.0,Entertainment,Yes,0.0,Average,Solar,C
608,Male,43,Yes,3.0,Entertainment,Yes,0.0,Average,Hydro,A
609,Male,19,No,3.0,Healthcare,No,1.0,Low,Tidal,D
610,Female,28,No,3.0,Healthcare,Yes,1.0,Low,Not Interested,D
611,Male,56,Yes,4.0,Artist,Yes,0.0,Average,Solar,C
612,Male,28,No,3.0,Engineer,Yes,0.0,Low,Wind,A
613,Male,60,Yes,2.0,Marketing,No,1.0,High,Wind,A
614,Female,55,No,2.0,Artist,Yes,0.0,Low,Wind,B
615,Male,35,Yes,2.0,Entertainment,Yes,1.0,Average,Wind,A
616,Male,25,No,5.0,Healthcare,No,5.0,Low,Wind,D
617,Male,71,Yes,1.0,Artist,Yes,1.0,Low,Wind,B
618,Male,65,Yes,2.0,Lawyer,No,1.0,High,Wind,A
619,Male,74,Yes,1.0,Lawyer,Yes,1.0,Low,Solar,A
620,Female,20,No,4.0,Healthcare,No,5.0,Low,Hydro,D
621,Male,43,Yes,2.0,Entertainment,No,9.0,Low,Hydro,A
622,Female,20,No,6.0,Marketing,No,3.0,Low,Wind,D
623,Male,40,Yes,5.0,Healthcare,Yes,1.0,High,Wind,C
624,Female,46,Yes,5.0,Engineer,Yes,0.0,High,Wind,B
625,Female,65,Yes,7.0,Lawyer,No,1.0,High,Wind,C
626,Male,21,No,2.0,Healthcare,No,0.0,Low,Hydro,D
627,Male,50,Yes,7.0,Healthcare,No,1.0,Low,Hydro,D
628,Male,18,No,5.0,Healthcare,No,0.0,Low,Hydro,D
629,Female,61,Yes,7.0,Doctor,Yes,1.0,Low,Not Interested,C
630,Male,49,Yes,3.0,Artist,Yes,1.0,High,Solar,C
631,Male,39,Yes,4.0,Executive,No,1.0,High,Wind,B
632,Female,52,Yes,2.0,Lawyer,No,1.0,High,Solar,D
633,Male,56,Yes,5.0,Executive,Yes,0.0,High,Solar,C
634,Male,55,Yes,6.0,Executive,Yes,1.0,Low,Wind,B
635,Male,42,Yes,5.0,Engineer,No,1.0,Average,Wind,B
636,Female,33,No,6.0,Homemaker,No,0.0,Low,Wind,D
637,Male,19,No,4.0,Healthcare,No,8.0,Low,Tidal,D
638,Female,27,No,1.0,Engineer,No,1.0,Low,Wind,D
639,Female,38,Yes,4.0,Artist,Yes,1.0,Average,Wind,C
640,Female,38,No,4.0,Artist,No,1.0,Low,Wind,A
641,Female,43,Yes,1.0,Doctor,Yes,8.0,Low,Solar,A
642,Male,53,Yes,4.0,Artist,Yes,1.0,Average,Wind,C
643,Male,33,Yes,4.0,Executive,No,4.0,High,Wind,D
644,Female,30,No,2.0,Healthcare,Yes,7.0,Low,Wind,D
645,Female,22,No,3.0,Healthcare,No,6.0,Low,Wind,D
646,Male,33,No,4.0,Doctor,No,0.0,Low,Wind,D
647,Male,21,No,8.0,Healthcare,No,1.0,Low,Hydro,D
648,Male,20,No,5.0,Healthcare,No,1.0,Low,Hydro,D
649,Male,19,No,3.0,Healthcare,No,7.0,Low,Solar,D
650,Female,58,Yes,4.0,Entertainment,Yes,1.0,Average,Solar,C
651,Male,67,Yes,2.0,Artist,Yes,1.0,High,Solar,C
652,Female,36,Yes,2.0,Entertainment,Yes,1.0,Low,Wind,A
653,Female,30,No,2.0,Homemaker,No,8.0,Low,Wind,D
654,Male,23,No,4.0,Homemaker,No,1.0,Low,Wind,D
655,Female,42,No,2.0,Entertainment,Yes,1.0,Low,Wind,A
656,Female,37,No,3.0,Marketing,No,8.0,Low,Wind,D
657,Female,58,Yes,4.0,Entertainment,No,9.0,Low,Wind,A
658,Female,26,Yes,2.0,Engineer,No,7.0,Average,Wind,A
659,Male,39,No,2.0,Entertainment,Yes,9.0,Low,Wind,A
660,Female,23,No,4.0,Marketing,No,1.0,Low,Wind,D
661,Male,41,Yes,4.0,Executive,No,8.0,Average,Tidal,D
662,Male,26,Yes,3.0,Entertainment,No,0.0,Low,Wind,D
663,Female,25,Yes,3.0,Engineer,No,3.0,Low,Wind,D
664,Male,19,No,4.0,Healthcare,No,1.0,Low,Wind,D
665,Male,36,No,5.0,Executive,No,0.0,Low,Wind,D
666,Male,29,No,4.0,Healthcare,No,9.0,Low,Wind,D
667,Male,26,No,1.0,Marketing,No,1.0,Low,Wind,D
668,Female,78,No,1.0,Lawyer,Yes,1.0,Low,Solar,A
669,Female,55,No,1.0,Artist,Yes,1.0,Low,Solar,C
670,Male,26,No,3.0,Healthcare,Yes,1.0,Low,Biomass,D
671,Female,46,No,1.0,Entertainment,Yes,0.0,Low,Solar,A
672,Male,29,No,4.0,Healthcare,No,0.0,Low,Solar,D
673,Female,36,No,1.0,Artist,Yes,10.0,Low,Solar,A
674,Male,27,Yes,6.0,Executive,No,1.0,Low,Solar,D
675,Female,29,No,3.0,Executive,No,8.0,Low,Solar,D
676,Female,25,No,4.0,Marketing,No,1.0,Low,Solar,D
677,Female,30,No,6.0,Marketing,No,10.0,Low,Solar,D
678,Male,45,Yes,2.0,Artist,Yes,1.0,Low,Solar,B
679,Female,21,No,2.0,Executive,No,0.0,Low,Wind,D
680,Female,41,Yes,2.0,Executive,Yes,1.0,High,Wind,B
681,Male,38,Yes,2.0,Entertainment,Yes,1.0,Low,Wind,A
682,Female,28,No,1.0,Healthcare,Yes,9.0,Low,Solar,D
683,Male,33,No,5.0,Doctor,Yes,1.0,Low,Biomass,D
684,Male,31,Yes,2.0,Healthcare,Yes,7.0,Low,Solar,D
685,Male,45,Yes,2.0,Healthcare,Yes,0.0,Low,Solar,D
686,Male,47,Yes,5.0,Marketing,Yes,0.0,Low,Solar,D
687,Female,39,No,1.0,Healthcare,No,0.0,Low,Solar,D
688,Female,47,No,2.0,Marketing,Yes,1.0,Low,Solar,D
689,Female,53,Yes,1.0,Doctor,Yes,0.0,Low,Wind,A
690,Male,27,No,4.0,Doctor,No,1.0,Low,Hydro,D
691,Male,37,Yes,2.0,Engineer,Yes,1.0,Average,Hydro,A
692,Female,62,Yes,3.0,Artist,Yes,1.0,Average,Hydro,C
693,Female,29,No,7.0,Engineer,No,0.0,Low,Hydro,D
694,Female,51,Yes,1.0,Artist,Yes,0.0,Low,Hydro,A
695,Male,30,No,6.0,Marketing,No,1.0,Low,Hydro,D
696,Male,18,No,4.0,Entertainment,No,0.0,Low,Hydro,D
697,Female,87,Yes,2.0,Lawyer,Yes,1.0,High,Solar,C
698,Male,68,Yes,2.0,Marketing,Yes,0.0,Low,Not Interested,A
699,Male,84,Yes,1.0,Lawyer,Yes,5.0,Low,Solar,A
700,Male,22,No,9.0,Healthcare,No,2.0,Low,Biomass,D
701,Female,22,No,4.0,Doctor,No,2.0,Low,Solar,D
702,Male,21,No,3.0,Healthcare,No,1.0,Low,Solar,D
703,Female,89,Yes,2.0,Lawyer,No,1.0,High,Wind,B
704,Male,73,Yes,2.0,Lawyer,No,0.0,High,Solar,A
705,Female,75,Yes,2.0,Lawyer,Yes,0.0,High,Solar,C
706,Female,20,No,4.0,Doctor,No,6.0,Low,Biomass,D
707,Male,22,No,2.0,Healthcare,No,1.0,Low,Solar,D
708,Female,22,No,4.0,Healthcare,No,0.0,Low,Solar,D
709,Male,63,Yes,2.0,Artist,Yes,0.0,Average,Solar,C
710,Male,46,Yes,3.0,Artist,Yes,1.0,Average,Solar,C
711,Male,58,Yes,2.0,Artist,No,0.0,Average,Solar,C
712,Female,41,No,3.0,Artist,Yes,1.0,Low,Solar,C
713,Male,42,Yes,2.0,Artist,Yes,0.0,Average,Solar,C
714,Female,43,Yes,2.0,Healthcare,Yes,6.0,Average,Solar,C
715,Female,49,No,1.0,Artist,Yes,3.0,Low,Solar,A
716,Female,40,No,1.0,Artist,Yes,0.0,Low,Solar,A
717,Male,53,Yes,2.0,Executive,No,8.0,High,Solar,A
718,Male,36,Yes,2.0,Artist,Yes,4.0,Average,Not Interested,C
719,Male,50,Yes,2.0,Artist,Yes,8.0,Low,Solar,A
720,Male,42,Yes,1.0,Healthcare,Yes,1.0,Low,Solar,D
721,Male,30,No,4.0,Healthcare,No,0.0,Low,Biomass,D
722,Male,29,No,5.0,Healthcare,No,2.0,Low,Biomass,D
723,Male,28,No,2.0,Entertainment,Yes,1.0,Low,Solar,A
724,Male,27,No,4.0,Healthcare,Yes,1.0,Low,Solar,D
725,Male,49,No,1.0,Artist,Yes,0.0,Low,Solar,A
726,Male,32,No,1.0,Healthcare,Yes,1.0,Low,Solar,D
727,Male,25,No,3.0,Doctor,Yes,1.0,Low,Solar,D
728,Female,63,Yes,1.0,Artist,Yes,1.0,Low,Solar,B
729,Female,42,No,1.0,Artist,Yes,8.0,Low,Solar,A
730,Male,31,No,2.0,Healthcare,Yes,1.0,Low,Geothermal,D
731,Male,71,Yes,2.0,Artist,Yes,0.0,High,Solar,C
732,Male,20,No,5.0,Healthcare,No,1.0,Low,Biomass,D
733,Male,22,No,4.0,Healthcare,No,1.0,Low,Solar,D
734,Female,29,No,5.0,Entertainment,Yes,1.0,Low,Solar,A
735,Male,47,Yes,3.0,Marketing,Yes,0.0,Low,Solar,D
736,Male,43,Yes,3.0,Artist,Yes,1.0,Average,Solar,C
737,Male,32,No,3.0,Artist,Yes,1.0,Low,Hydro,A
738,Male,47,Yes,2.0,Artist,Yes,7.0,Average,Solar,C
739,Male,46,No,1.0,Artist,Yes,0.0,Low,Solar,A
740,Female,41,Yes,2.0,Artist,Yes,1.0,Average,Solar,C
741,Male,37,Yes,2.0,Entertainment,Yes,0.0,Average,Solar,B
742,Male,40,Yes,2.0,Artist,Yes,0.0,Average,Solar,C
743,Male,60,Yes,4.0,Artist,Yes,0.0,Average,Solar,C
744,Male,46,Yes,6.0,Artist,Yes,0.0,Average,Biomass,C
745,Female,36,Yes,4.0,Artist,Yes,6.0,High,Not Interested,C
746,Female,38,No,1.0,Marketing,No,0.0,Low,Solar,D
747,Female,32,Yes,5.0,Doctor,No,0.0,Low,Solar,D
748,Female,41,No,1.0,Artist,Yes,5.0,Low,Solar,A
749,Male,56,Yes,3.0,Marketing,Yes,0.0,Low,Solar,D
750,Male,31,Yes,2.0,Artist,Yes,8.0,Average,Solar,C
751,Male,45,Yes,2.0,Artist,No,0.0,Low,Not Interested,A
752,Male,69,Yes,3.0,Entertainment,Yes,1.0,Average,Solar,C
753,Male,37,Yes,2.0,Artist,Yes,0.0,Low,Solar,A
754,Male,47,Yes,4.0,Artist,Yes,1.0,Average,Biomass,C
755,Female,52,Yes,3.0,Artist,Yes,1.0,Average,Solar,C
756,Female,57,Yes,3.0,Artist,Yes,1.0,High,Solar,C
757,Female,50,No,1.0,Artist,Yes,9.0,Low,Solar,A
758,Male,27,Yes,2.0,Engineer,No,0.0,Average,Solar,A
759,Female,45,Yes,3.0,Engineer,Yes,1.0,High,Solar,B
760,Female,30,No,2.0,Artist,Yes,8.0,Low,Solar,A
761,Male,45,Yes,2.0,Artist,Yes,0.0,Low,Solar,B
762,Male,30,No,4.0,Healthcare,No,1.0,Low,Solar,D
763,Male,31,Yes,3.0,Entertainment,Yes,1.0,Average,Solar,C
764,Female,45,Yes,4.0,Artist,Yes,1.0,Average,Wind,C
765,Male,67,Yes,2.0,Artist,Yes,0.0,High,Solar,C
766,Male,76,Yes,2.0,Executive,No,1.0,High,Solar,B
767,Male,69,Yes,2.0,Entertainment,Yes,0.0,Low,Solar,A
768,Male,83,Yes,2.0,Entertainment,No,0.0,Low,Solar,A
769,Male,38,Yes,2.0,Engineer,Yes,0.0,Low,Solar,A
770,Male,36,Yes,1.0,Artist,Yes,0.0,Low,Solar,A
771,Male,41,No,2.0,Artist,Yes,2.0,Low,Biomass,B
772,Female,69,Yes,3.0,Lawyer,No,0.0,Low,Solar,D
773,Female,33,No,3.0,Engineer,Yes,0.0,Low,Solar,A
774,Male,38,No,3.0,Artist,Yes,1.0,Low,Not Interested,A
775,Female,48,Yes,2.0,Engineer,Yes,1.0,Average,Solar,B
776,Male,51,Yes,2.0,Engineer,Yes,2.0,Average,Solar,B
777,Male,56,Yes,2.0,Executive,Yes,1.0,High,Solar,B
778,Male,57,Yes,3.0,Artist,Yes,0.0,Average,Solar,C
779,Female,49,Yes,3.0,Artist,Yes,1.0,Average,Solar,C
780,Male,30,No,3.0,Healthcare,Yes,0.0,Low,Solar,D
781,Female,40,Yes,2.0,Doctor,Yes,8.0,Average,Solar,C
782,Female,30,No,2.0,Artist,Yes,0.0,Low,Solar,A
783,Male,38,Yes,2.0,Entertainment,No,0.0,Average,Solar,A
784,Female,31,No,5.0,Healthcare,Yes,8.0,Low,Solar,D
785,Male,33,No,2.0,Doctor,Yes,0.0,Low,Solar,A
786,Male,50,No,2.0,Artist,Yes,0.0,Low,Solar,C
787,Male,52,Yes,3.0,Executive,Yes,1.0,High,Solar,C
788,Female,39,Yes,2.0,Artist,Yes,0.0,Average,Biomass,C
789,Male,73,Yes,2.0,Executive,Yes,0.0,High,Solar,C
790,Male,46,Yes,3.0,Artist,Yes,0.0,Average,Solar,C
791,Male,50,Yes,2.0,Artist,Yes,0.0,Low,Not Interested,B
792,Male,30,No,6.0,Healthcare,No,0.0,Low,Solar,D
793,Female,60,Yes,2.0,Doctor,Yes,0.0,Average,Solar,C
794,Female,39,Yes,2.0,Homemaker,Yes,9.0,Average,Solar,B
795,Female,59,Yes,2.0,Artist,Yes,1.0,Average,Geothermal,C
796,Female,51,Yes,2.0,Artist,Yes,0.0,Average,Solar,C
797,Female,40,Yes,2.0,Artist,Yes,5.0,Average,Biomass,C
798,Male,23,No,3.0,Healthcare,No,1.0,Low,Solar,D
799,Male,53,Yes,4.0,Artist,Yes,4.0,Average,Biomass,C
800,Male,32,No,5.0,Healthcare,No,7.0,Low,Solar,D
801,Male,52,Yes,4.0,Executive,Yes,0.0,High,Solar,C
802,Female,31,No,1.0,Engineer,Yes,0.0,Low,Solar,A
803,Male,30,No,4.0,Healthcare,Yes,3.0,Low,Solar,D
804,Male,25,No,3.0,Healthcare,Yes,8.0,Low,Not Interested,D
805,Male,40,Yes,4.0,Executive,Yes,1.0,High,Solar,C
806,Female,27,No,4.0,Healthcare,Yes,4.0,Low,Solar,D
807,Male,61,Yes,2.0,Artist,Yes,0.0,Low,Solar,B
808,Female,33,No,1.0,Engineer,Yes,1.0,Low,Hydro,A
809,Male,28,No,4.0,Doctor,Yes,1.0,Low,Hydro,D
810,Female,48,Yes,2.0,Artist,Yes,2.0,Average,Solar,C
811,Female,73,Yes,2.0,Artist,Yes,0.0,High,Solar,C
812,Male,36,Yes,2.0,Artist,No,0.0,Average,Geothermal,B
813,Female,32,No,4.0,Healthcare,No,0.0,Low,Solar,D
814,Male,82,Yes,2.0,Lawyer,No,0.0,High,Solar,A
815,Male,28,No,3.0,Artist,Yes,1.0,Low,Hydro,A
816,Female,42,No,3.0,Artist,Yes,8.0,Low,Biomass,B
817,Female,60,Yes,9.0,Lawyer,Yes,6.0,High,Solar,C
818,Female,46,No,1.0,Artist,Yes,1.0,Low,Hydro,A
819,Male,31,No,3.0,Doctor,No,0.0,Low,Solar,D
820,Female,50,Yes,1.0,Artist,Yes,1.0,Low,Not Interested,B
821,Female,30,No,1.0,Engineer,Yes,3.0,Low,Hydro,A
822,Female,49,No,3.0,Artist,Yes,1.0,Low,Solar,C
823,Female,51,Yes,6.0,Doctor,Yes,0.0,Average,Hydro,C
824,Female,46,Yes,3.0,Artist,Yes,1.0,Average,Solar,C
825,Male,53,Yes,4.0,Artist,Yes,0.0,Average,Solar,C
826,Male,65,Yes,2.0,Artist,Yes,0.0,High,Solar,C
827,Female,22,No,5.0,Healthcare,No,0.0,Low,Solar,D
828,Male,65,Yes,3.0,Doctor,Yes,1.0,Average,Solar,C
829,Female,39,Yes,2.0,Engineer,Yes,0.0,Average,Hydro,B
830,Male,84,Yes,2.0,Artist,Yes,0.0,High,Solar,C
831,Male,37,No,1.0,Artist,Yes,0.0,Low,Solar,A
832,Male,28,Yes,2.0,Doctor,Yes,8.0,Average,Solar,C
833,Female,82,Yes,2.0,Lawyer,No,0.0,High,Solar,B
834,Female,87,Yes,2.0,Lawyer,Yes,0.0,High,Solar,C
835,Female,69,No,5.0,Lawyer,Yes,1.0,Low,Solar,C
836,Female,51,Yes,5.0,Artist,Yes,1.0,High,Solar,C
837,Female,74,Yes,1.0,Lawyer,Yes,1.0,Low,Solar,A
838,Female,79,Yes,2.0,Lawyer,Yes,1.0,High,Solar,C
839,Female,21,No,1.0,Lawyer,No,9.0,Low,Solar,D
840,Female,20,No,5.0,Healthcare,No,5.0,Low,Biomass,D
841,Female,43,No,1.0,Doctor,Yes,3.0,Low,Biomass,A
842,Female,25,No,3.0,Healthcare,No,1.0,Low,Solar,D
843,Male,43,No,4.0,Artist,Yes,0.0,Low,Solar,C
844,Female,42,No,1.0,Artist,Yes,1.0,Low,Solar,A
845,Male,25,No,4.0,Doctor,Yes,10.0,Low,Solar,D
846,Male,59,Yes,1.0,Artist,Yes,0.0,Low,Wind,B
847,Female,49,No,5.0,Marketing,Yes,0.0,Low,Solar,C
848,Female,32,No,4.0,Doctor,No,1.0,Low,Solar,D
849,Male,36,Yes,2.0,Artist,Yes,8.0,High,Solar,C
850,Male,45,Yes,3.0,Marketing,Yes,9.0,Low,Solar,D
851,Male,29,No,3.0,Healthcare,Yes,1.0,Low,Solar,D
852,Male,37,Yes,2.0,Artist,Yes,0.0,Low,Solar,A
853,Female,48,Yes,4.0,Doctor,Yes,1.0,Average,Solar,C
854,Female,65,No,2.0,Artist,Yes,0.0,Low,Biomass,B
855,Male,39,No,2.0,Marketing,No,1.0,Low,Solar,D
856,Male,25,No,7.0,Entertainment,No,1.0,Low,Hydro,D
857,Female,49,Yes,5.0,Artist,No,5.0,Low,Solar,C
858,Female,77,Yes,2.0,Lawyer,Yes,1.0,High,Solar,C
859,Female,38,No,1.0,Artist,Yes,9.0,Low,Solar,A
860,Male,19,No,6.0,Marketing,Yes,0.0,Low,Hydro,D
861,Female,76,Yes,2.0,Lawyer,Yes,1.0,High,Solar,C
862,Male,28,No,4.0,Doctor,Yes,0.0,Low,Solar,D
863,Male,51,Yes,3.0,Doctor,Yes,1.0,Average,Wind,C
864,Female,28,No,5.0,Doctor,Yes,0.0,Low,Not Interested,A
865,Female,42,No,1.0,Healthcare,Yes,0.0,Low,Biomass,D
866,Male,45,Yes,1.0,Artist,Yes,1.0,Low,Solar,A
867,Male,63,Yes,3.0,Executive,Yes,6.0,High,Solar,C
868,Female,18,No,6.0,Doctor,No,0.0,Low,Solar,D
869,Male,26,No,4.0,Artist,Yes,7.0,Low,Solar,A
870,Male,31,Yes,2.0,Artist,Yes,1.0,Average,Biomass,C
871,Male,43,No,4.0,Entertainment,Yes,5.0,Low,Biomass,A
872,Female,60,Yes,2.0,Artist,Yes,7.0,Low,Solar,C
873,Female,36,No,1.0,Artist,Yes,0.0,Low,Solar,A
874,Male,32,No,4.0,Healthcare,No,1.0,Low,Biomass,D
875,Male,68,Yes,1.0,Lawyer,Yes,1.0,Low,Solar,A
876,Male,60,Yes,1.0,Entertainment,Yes,1.0,Low,Solar,A
877,Female,42,No,1.0,Artist,Yes,0.0,Low,Hydro,A
878,Female,18,No,5.0,Healthcare,No,6.0,Low,Solar,D
879,Male,69,Yes,2.0,Lawyer,No,0.0,High,Solar,A
880,Female,42,No,2.0,Doctor,Yes,0.0,Low,Solar,A
881,Female,70,Yes,1.0,Artist,Yes,1.0,Low,Solar,B
882,Male,25,No,3.0,Healthcare,Yes,1.0,Low,Solar,D
883,Male,56,Yes,3.0,Entertainment,Yes,1.0,Average,Solar,C
884,Female,40,No,1.0,Artist,Yes,9.0,Low,Solar,A
885,Male,23,No,6.0,Healthcare,No,1.0,Low,Solar,D
886,Female,20,No,4.0,Marketing,No,3.0,Low,Not Interested,D
887,Female,39,No,1.0,Entertainment,Yes,2.0,Low,Solar,A
888,Female,19,No,4.0,Healthcare,No,0.0,Low,Solar,D
889,Male,28,No,2.0,Entertainment,Yes,1.0,Low,Geothermal,A
890,Male,40,Yes,2.0,Engineer,No,1.0,Average,Solar,A
891,Female,60,Yes,4.0,Engineer,Yes,1.0,Average,Biomass,B
892,Male,33,No,4.0,Healthcare,No,3.0,Low,Solar,D
893,Male,20,Yes,2.0,Doctor,No,14.0,Low,Solar,D
894,Female,35,No,4.0,Artist,No,7.0,Low,Solar,A
895,Male,27,No,5.0,Doctor,Yes,0.0,Low,Solar,D
896,Female,42,Yes,2.0,Artist,Yes,1.0,Average,Solar,C
897,Male,30,Yes,4.0,Marketing,No,0.0,Low,Hydro,D
898,Female,56,Yes,2.0,Executive,Yes,0.0,Average,Solar,C
899,Male,28,Yes,2.0,Entertainment,Yes,0.0,Average,Solar,A
900,Female,38,Yes,2.0,Artist,Yes,6.0,Average,Solar,C
901,Male,26,No,1.0,Entertainment,Yes,9.0,Low,Biomass,A
902,Male,36,No,1.0,Engineer,No,0.0,Low,Solar,D
903,Male,56,No,1.0,Entertainment,No,0.0,Low,Solar,A
904,Male,26,No,1.0,Entertainment,Yes,0.0,Low,Solar,A
905,Male,28,No,4.0,Artist,Yes,4.0,Low,Solar,C
906,Male,32,No,5.0,Healthcare,No,0.0,Low,Solar,D
907,Female,52,No,1.0,Artist,Yes,4.0,Low,Solar,C
908,Female,23,No,4.0,Healthcare,No,0.0,Low,Solar,D
909,Male,23,No,5.0,Healthcare,No,1.0,Low,Hydro,D
910,Male,50,Yes,2.0,Artist,Yes,0.0,Low,Solar,B
911,Male,26,Yes,2.0,Artist,Yes,1.0,Low,Solar,A
912,Male,40,Yes,2.0,Entertainment,Yes,8.0,Low,Solar,A
913,Female,53,Yes,2.0,Artist,Yes,1.0,Average,Solar,C
914,Male,63,Yes,3.0,Artist,Yes,0.0,Average,Not Interested,C
915,Male,62,Yes,3.0,Executive,Yes,0.0,High,Solar,C
916,Female,38,No,1.0,Artist,Yes,1.0,Low,Solar,A
917,Female,57,Yes,2.0,Artist,No,1.0,Average,Biomass,C
918,Female,43,No,1.0,Artist,Yes,9.0,Low,Solar,A
919,Male,21,No,3.0,Marketing,No,1.0,Low,Hydro,D
920,Male,22,No,5.0,Healthcare,No,0.0,Low,Solar,D
921,Male,68,Yes,1.0,Artist,Yes,1.0,Low,Solar,B
922,Female,28,No,1.0,Healthcare,Yes,0.0,Low,Solar,D
923,Male,33,Yes,2.0,Artist,Yes,0.0,Average,Solar,C
924,Female,38,No,1.0,Artist,Yes,8.0,Low,Solar,A
925,Male,23,No,5.0,Healthcare,No,0.0,Low,Hydro,D
926,Female,41,No,1.0,Healthcare,Yes,1.0,Low,Solar,D
927,Female,41,No,1.0,Homemaker,Yes,1.0,Low,Hydro,A
928,Female,39,No,1.0,Doctor,Yes,4.0,Low,Solar,A
929,Female,49,Yes,2.0,Entertainment,No,9.0,High,Solar,A
930,Female,33,Yes,2.0,Homemaker,Yes,1.0,Average,Solar,B
931,Male,79,Yes,1.0,Lawyer,No,0.0,Low,Solar,A
932,Male,38,Yes,4.0,Artist,Yes,6.0,Average,Solar,C
933,Male,21,No,4.0,Healthcare,No,1.0,Low,Solar,D
934,Female,68,Yes,2.0,Doctor,Yes,0.0,Average,Solar,C
935,Male,31,No,3.0,Artist,Yes,0.0,Low,Solar,A
936,Male,46,Yes,3.0,Artist,No,1.0,Low,Wind,A
937,Male,35,Yes,2.0,Artist,Yes,9.0,Average,Solar,C
938,Female,42,No,3.0,Artist,Yes,8.0,Low,Biomass,B
939,Male,87,Yes,1.0,Lawyer,No,0.0,Low,Solar,A
940,Female,38,No,1.0,Artist,Yes,8.0,Low,Solar,A
941,Female,88,Yes,1.0,Lawyer,No,2.0,High,Solar,A
942,Female,42,No,1.0,Artist,Yes,9.0,Low,Solar,A
943,Female,26,Yes,2.0,Artist,Yes,4.0,Average,Wind,C
944,Male,35,Yes,3.0,Executive,Yes,0.0,High,Solar,B
945,Female,41,Yes,2.0,Engineer,No,3.0,High,Solar,A
946,Male,37,Yes,2.0,Doctor,Yes,1.0,Average,Tidal,C
947,Female,41,Yes,4.0,Engineer,Yes,8.0,Average,Hydro,B
948,Male,35,No,5.0,Artist,Yes,6.0,Low,Biomass,C
949,Female,33,No,9.0,Marketing,Yes,0.0,Low,Not Interested,C
950,Female,61,Yes,4.0,Engineer,Yes,2.0,Average,Biomass,B
951,Female,19,No,3.0,Doctor,No,1.0,Low,Tidal,D
952,Female,50,No,1.0,Artist,Yes,4.0,Low,Solar,A
953,Female,48,Yes,4.0,Engineer,No,0.0,Average,Hydro,B
954,Male,57,Yes,3.0,Marketing,No,1.0,Average,Hydro,D
955,Female,72,Yes,3.0,Engineer,No,1.0,Average,Hydro,B
956,Female,39,No,2.0,Engineer,No,4.0,Low,Wind,A
957,Female,49,Yes,3.0,Doctor,Yes,0.0,Low,Hydro,A
958,Female,41,No,4.0,Entertainment,Yes,0.0,Low,Hydro,A
959,Male,65,Yes,7.0,Executive,No,2.0,High,Hydro,B
960,Female,22,No,3.0,Marketing,No,0.0,Low,Hydro,D
961,Female,23,No,4.0,Healthcare,No,0.0,Low,Hydro,D
962,Female,41,Yes,1.0,Artist,No,0.0,Low,Hydro,A
963,Female,42,Yes,3.0,Engineer,Yes,0.0,Low,Hydro,A
964,Male,18,No,3.0,Healthcare,No,0.0,Low,Hydro,D
965,Male,49,Yes,2.0,Doctor,No,1.0,Low,Hydro,A
966,Female,40,Yes,2.0,Doctor,No,0.0,Low,Hydro,A
967,Male,50,Yes,5.0,Executive,No,1.0,Average,Hydro,B
968,Female,19,No,3.0,Healthcare,No,6.0,Low,Hydro,D
969,Male,22,No,6.0,Healthcare,No,0.0,Low,Hydro,D
970,Male,23,No,8.0,Artist,No,1.0,Low,Hydro,D
971,Male,27,No,6.0,Artist,Yes,4.0,Low,Hydro,A
972,Male,55,Yes,8.0,Executive,No,0.0,High,Hydro,B
973,Male,32,Yes,6.0,Artist,No,1.0,Average,Hydro,B
974,Male,57,Yes,2.0,Entertainment,No,1.0,Low,Wind,A
975,Male,80,Yes,2.0,Lawyer,No,0.0,High,Solar,A
976,Male,43,Yes,4.0,Executive,No,0.0,Low,Solar,D
977,Female,79,Yes,2.0,Lawyer,No,1.0,High,Solar,A
978,Male,25,No,3.0,Entertainment,No,1.0,Low,Solar,D
979,Female,58,Yes,4.0,Homemaker,Yes,0.0,Average,Solar,C
980,Female,78,Yes,2.0,Lawyer,Yes,1.0,High,Solar,C
981,Male,76,Yes,2.0,Lawyer,Yes,1.0,Low,Solar,A
982,Male,27,No,3.0,Healthcare,No,1.0,Low,Solar,D
983,Male,47,Yes,3.0,Artist,Yes,1.0,Average,Solar,C
984,Male,43,Yes,2.0,Artist,Yes,1.0,Average,Solar,C
985,Male,31,No,4.0,Healthcare,Yes,1.0,Low,Solar,D
986,Male,27,No,7.0,Healthcare,No,0.0,Low,Solar,D
987,Male,31,No,4.0,Healthcare,Yes,0.0,Low,Solar,D
988,Male,46,Yes,2.0,Artist,Yes,1.0,Low,Solar,B
989,Male,48,Yes,4.0,Executive,Yes,1.0,Average,Solar,C
990,Male,51,Yes,2.0,Doctor,Yes,1.0,Low,Solar,A
991,Male,57,Yes,2.0,Doctor,No,0.0,Average,Solar,C
992,Female,30,No,1.0,Doctor,Yes,0.0,Low,Solar,A
993,Female,37,No,3.0,Marketing,Yes,1.0,Low,Solar,D
994,Female,31,No,2.0,Artist,Yes,14.0,Low,Solar,A
995,Male,49,Yes,3.0,Artist,Yes,1.0,Average,Solar,C
996,Male,56,Yes,4.0,Artist,Yes,1.0,Low,Hydro,B
997,Male,83,Yes,2.0,Lawyer,No,8.0,High,Solar,A
998,Male,32,No,1.0,Healthcare,Yes,1.0,Low,Solar,D
999,Male,63,Yes,4.0,Artist,Yes,5.0,Average,Solar,C
1000,Female,71,Yes,2.0,Doctor,Yes,1.0,Average,Solar,C
1001,Male,50,Yes,4.0,Artist,No,0.0,Low,Solar,B
1002,Male,31,No,5.0,Artist,Yes,4.0,Low,Solar,C
1003,Male,60,Yes,6.0,Entertainment,No,0.0,Average,Solar,C
1004,Female,71,Yes,2.0,Lawyer,Yes,8.0,High,Solar,C
1005,Male,49,Yes,6.0,Doctor,Yes,0.0,Average,Hydro,C
1006,Male,74,Yes,1.0,Lawyer,Yes,9.0,Low,Solar,A
1007,Male,51,Yes,6.0,Artist,Yes,1.0,Average,Solar,C
1008,Male,61,Yes,2.0,Entertainment,No,0.0,Low,Solar,A
1009,Male,46,No,3.0,Engineer,Yes,0.0,Low,Solar,A
1010,Male,39,Yes,2.0,Doctor,No,2.0,Average,Solar,B
1011,Male,85,Yes,2.0,Lawyer,Yes,1.0,High,Solar,C
1012,Female,31,Yes,2.0,Artist,Yes,1.0,Average,Solar,C
1013,Male,39,Yes,3.0,Executive,Yes,4.0,High,Solar,C
1014,Female,48,Yes,2.0,Doctor,No,1.0,High,Solar,B
1015,Male,71,Yes,2.0,Lawyer,Yes,0.0,High,Solar,B
1016,Female,31,No,1.0,Healthcare,Yes,1.0,Low,Not Interested,D
1017,Female,32,No,5.0,Healthcare,Yes,0.0,Low,Solar,D
1018,Female,55,Yes,1.0,Engineer,No,0.0,Low,Solar,A
1019,Male,46,Yes,2.0,Artist,Yes,0.0,High,Solar,C
1020,Male,53,Yes,2.0,Doctor,Yes,1.0,Average,Solar,C
1021,Male,50,Yes,4.0,Artist,Yes,0.0,Average,Solar,C
1022,Male,45,No,1.0,Artist,Yes,1.0,Low,Solar,A
1023,Male,33,Yes,2.0,Executive,No,1.0,Average,Hydro,D
1024,Female,29,Yes,2.0,Engineer,No,5.0,Low,Solar,D
1025,Male,35,No,1.0,Artist,Yes,8.0,Low,Solar,A
1026,Male,25,No,1.0,Doctor,No,1.0,Low,Solar,D
1027,Male,26,No,3.0,Healthcare,Yes,0.0,Low,Solar,D
1028,Male,48,No,2.0,Artist,Yes,1.0,Low,Solar,C
1029,Male,66,Yes,3.0,Lawyer,No,0.0,High,Solar,A
1030,Female,38,Yes,3.0,Artist,No,0.0,Low,Solar,A
1031,Male,65,Yes,3.0,Entertainment,Yes,2.0,Average,Solar,C
1032,Male,87,Yes,1.0,Lawyer,No,1.0,Low,Solar,A
1033,Male,20,No,3.0,Healthcare,No,1.0,Low,Solar,D
1034,Male,19,No,4.0,Healthcare,No,0.0,Low,Solar,D
1035,Male,22,No,4.0,Healthcare,No,9.0,Low,Solar,D
1036,Male,18,No,2.0,Healthcare,No,0.0,Low,Solar,D
1037,Male,18,No,9.0,Marketing,No,1.0,Low,Solar,D
1038,Male,19,No,2.0,Healthcare,No,0.0,Low,Hydro,D
1039,Male,19,No,3.0,Healthcare,No,1.0,Low,Biomass,D
1040,Male,22,No,8.0,Healthcare,No,0.0,Low,Solar,D
1041,Male,31,No,4.0,Healthcare,No,4.0,Low,Solar,D
1042,Male,63,Yes,2.0,Artist,No,0.0,Average,Solar,C
1043,Male,43,No,1.0,Artist,Yes,1.0,Low,Solar,A
1044,Male,73,No,2.0,Engineer,No,0.0,Low,Hydro,A
1045,Female,39,Yes,2.0,Engineer,No,0.0,Low,Solar,A
1046,Male,31,No,5.0,Healthcare,Yes,1.0,Low,Solar,D
1047,Male,31,No,5.0,Artist,Yes,0.0,Low,Solar,C
1048,Male,43,Yes,4.0,Artist,No,0.0,Average,Biomass,C
1049,Male,52,Yes,3.0,Artist,No,0.0,Average,Solar,C
1050,Female,63,Yes,3.0,Doctor,Yes,0.0,Average,Solar,C
1051,Male,51,Yes,4.0,Executive,Yes,1.0,High,Solar,C
1052,Male,35,Yes,7.0,Healthcare,Yes,1.0,Low,Hydro,D
1053,Female,32,Yes,2.0,Entertainment,No,1.0,Average,Hydro,A
1054,Female,39,Yes,4.0,Homemaker,Yes,9.0,High,Solar,B
1055,Female,25,No,6.0,Healthcare,No,1.0,Low,Geothermal,D
1056,Male,20,No,5.0,Healthcare,No,0.0,Low,Hydro,D
1057,Female,33,No,1.0,Homemaker,No,9.0,Low,Solar,D
1058,Male,36,Yes,5.0,Executive,No,0.0,Average,Hydro,B
1059,Female,35,Yes,2.0,Doctor,Yes,1.0,Low,Solar,A
1060,Female,42,Yes,2.0,Artist,Yes,1.0,Average,Solar,C
1061,Female,52,Yes,5.0,Artist,Yes,2.0,Average,Solar,C
1062,Female,42,Yes,2.0,Engineer,Yes,1.0,Low,Solar,A
1063,Female,57,Yes,2.0,Homemaker,No,1.0,High,Solar,B
1064,Female,30,No,3.0,Entertainment,Yes,1.0,Low,Solar,A
1065,Female,73,Yes,2.0,Lawyer,Yes,1.0,High,Solar,C
1066,Male,66,Yes,2.0,Engineer,Yes,3.0,High,Solar,B
1067,Female,62,Yes,5.0,Artist,Yes,9.0,Average,Biomass,C
1068,Female,36,Yes,1.0,Artist,Yes,4.0,Low,Wind,A
1069,Male,33,No,3.0,Engineer,No,0.0,Low,Hydro,D
1070,Male,28,No,8.0,Healthcare,No,0.0,Low,Hydro,D
1071,Female,48,Yes,2.0,Artist,Yes,3.0,Average,Solar,C
1072,Female,53,Yes,2.0,Artist,Yes,1.0,Average,Solar,C
1073,Female,27,Yes,2.0,Doctor,No,1.0,Low,Wind,D
1074,Female,71,Yes,2.0,Marketing,No,0.0,High,Hydro,A
1075,Male,35,Yes,2.0,Artist,Yes,9.0,Average,Hydro,B
1076,Female,41,No,1.0,Artist,Yes,0.0,Low,Hydro,A
1077,Female,39,Yes,4.0,Entertainment,No,0.0,Low,Hydro,A
1078,Female,79,Yes,2.0,Lawyer,No,1.0,High,Hydro,A
1079,Female,29,No,8.0,Engineer,No,9.0,Low,Hydro,D
1080,Female,33,No,7.0,Artist,Yes,7.0,Low,Hydro,A
1081,Female,31,No,2.0,Healthcare,No,0.0,Low,Hydro,D
1082,Male,25,Yes,3.0,Engineer,No,4.0,Average,Hydro,A
1083,Female,43,Yes,3.0,Engineer,No,2.0,Average,Hydro,A
1084,Female,52,Yes,1.0,Doctor,No,4.0,Low,Hydro,A
1085,Male,41,Yes,7.0,Executive,No,0.0,High,Hydro,D
1086,Female,27,Yes,6.0,Doctor,No,1.0,High,Hydro,A
1087,Female,39,Yes,5.0,Engineer,No,1.0,Average,Hydro,B
1088,Male,32,No,7.0,Doctor,No,3.0,Low,Hydro,D
1089,Male,19,No,5.0,Healthcare,No,1.0,Low,Hydro,D
1090,Male,58,Yes,2.0,Artist,No,1.0,High,Hydro,B
1091,Male,30,No,3.0,Artist,Yes,1.0,Low,Hydro,A
1092,Female,31,No,6.0,Engineer,Yes,0.0,Low,Hydro,A
1093,Female,43,Yes,4.0,Engineer,No,1.0,Average,Hydro,B
1094,Female,63,Yes,6.0,Marketing,No,1.0,Average,Hydro,C
1095,Female,37,Yes,3.0,Engineer,Yes,1.0,Average,Hydro,B
1096,Male,37,Yes,6.0,Artist,No,0.0,Average,Hydro,B
1097,Female,31,Yes,2.0,Homemaker,Yes,9.0,Average,Solar,B
1098,Female,38,No,1.0,Artist,Yes,4.0,Low,Solar,A
1099,Female,41,Yes,6.0,Entertainment,Yes,1.0,High,Solar,C
1100,Female,45,Yes,3.0,Artist,Yes,3.0,Average,Solar,C
1101,Male,35,Yes,4.0,Doctor,Yes,1.0,Average,Solar,C
1102,Female,43,Yes,5.0,Engineer,No,1.0,Low,Tidal,D
1103,Female,33,No,3.0,Healthcare,No,1.0,Low,Hydro,D
1104,Male,26,No,3.0,Homemaker,No,14.0,Low,Wind,D
1105,Female,39,Yes,2.0,Artist,No,1.0,Average,Solar,C
1106,Male,49,Yes,2.0,Artist,No,1.0,High,Solar,B
1107,Male,47,Yes,2.0,Artist,No,0.0,Average,Solar,C
1108,Male,53,Yes,4.0,Entertainment,No,1.0,Average,Hydro,A
1109,Male,52,Yes,5.0,Executive,Yes,5.0,High,Solar,C
1110,Female,66,Yes,2.0,Lawyer,No,0.0,Average,Solar,C
1111,Male,26,No,2.0,Entertainment,No,6.0,Low,Hydro,D
1112,Male,38,Yes,5.0,Marketing,Yes,1.0,Low,Solar,D
1113,Female,25,No,4.0,Homemaker,No,1.0,Low,Solar,D
1114,Female,53,Yes,2.0,Artist,No,8.0,Average,Solar,C
1115,Female,87,Yes,2.0,Lawyer,No,0.0,High,Solar,B
1116,Male,28,No,2.0,Healthcare,No,1.0,Low,Solar,D
1117,Female,37,Yes,3.0,Artist,Yes,7.0,High,Solar,C
1118,Female,42,Yes,1.0,Artist,Yes,1.0,Low,Solar,B
1119,Female,25,Yes,2.0,Artist,No,1.0,Average,Tidal,C
1120,Female,33,Yes,3.0,Engineer,No,6.0,Low,Solar,D
1121,Female,33,No,3.0,Healthcare,Yes,1.0,Low,Biomass,D
1122,Male,46,Yes,2.0,Artist,Yes,1.0,Low,Solar,B
1123,Male,33,No,4.0,Healthcare,No,2.0,Low,Wind,D
1124,Male,26,No,3.0,Entertainment,No,1.0,Low,Solar,D
1125,Male,32,No,4.0,Doctor,No,6.0,Low,Solar,D
1126,Female,25,No,1.0,Healthcare,No,1.0,Low,Solar,D
1127,Female,18,No,2.0,Healthcare,No,1.0,Low,Solar,D
1128,Female,22,No,4.0,Engineer,No,0.0,Low,Solar,D
1129,Male,19,No,4.0,Healthcare,No,2.0,Low,Solar,D
1130,Male,46,Yes,4.0,Artist,Yes,0.0,High,Solar,C
1131,Male,19,No,4.0,Healthcare,No,4.0,Low,Solar,D
1132,Male,45,Yes,3.0,Artist,Yes,0.0,Average,Solar,C
1133,Female,52,Yes,3.0,Engineer,Yes,1.0,Average,Solar,B
1134,Female,42,Yes,5.0,Engineer,Yes,1.0,Average,Wind,B
1135,Male,47,Yes,3.0,Entertainment,No,1.0,Average,Wind,A
1136,Male,45,Yes,4.0,Homemaker,No,1.0,Average,Solar,B
1137,Male,32,No,2.0,Healthcare,No,1.0,Low,Geothermal,D
1138,Male,41,Yes,3.0,Executive,No,5.0,High,Hydro,D
1139,Female,28,No,1.0,Homemaker,Yes,1.0,Low,Solar,D
1140,Male,37,Yes,4.0,Executive,No,9.0,High,Solar,D
1141,Female,20,Yes,2.0,Engineer,No,8.0,Average,Geothermal,A
1142,Female,73,Yes,1.0,Lawyer,Yes,3.0,Low,Solar,A
1143,Male,51,Yes,3.0,Artist,Yes,0.0,Average,Solar,C
1144,Male,18,Yes,4.0,Engineer,Yes,1.0,Average,Solar,B
1145,Male,42,Yes,3.0,Engineer,No,1.0,Average,Hydro,A
1146,Male,20,No,3.0,Healthcare,No,1.0,Low,Wind,D
1147,Female,23,No,3.0,Doctor,No,0.0,Low,Wind,D
1148,Male,31,Yes,2.0,Homemaker,Yes,2.0,Low,Tidal,D
1149,Female,33,Yes,3.0,Homemaker,Yes,1.0,Low,Geothermal,A
1150,Male,21,No,6.0,Healthcare,No,9.0,Low,Solar,D
1151,Male,51,Yes,7.0,Doctor,Yes,5.0,Average,Solar,C
1152,Male,47,Yes,4.0,Artist,Yes,0.0,Average,Solar,C
1153,Male,20,No,4.0,Healthcare,No,0.0,Low,Solar,D
1154,Male,21,No,2.0,Healthcare,No,0.0,Low,Solar,D
1155,Male,22,No,3.0,Healthcare,No,1.0,Low,Solar,D
1156,Female,32,No,4.0,Engineer,Yes,9.0,Low,Solar,A
1157,Female,30,No,1.0,Healthcare,Yes,8.0,Low,Solar,D
1158,Male,61,Yes,1.0,Doctor,Yes,1.0,Low,Solar,A
1159,Male,43,Yes,4.0,Entertainment,No,0.0,Average,Hydro,A
1160,Male,25,No,1.0,Doctor,Yes,8.0,Low,Solar,D
1161,Male,46,Yes,3.0,Entertainment,No,0.0,Average,Solar,A
1162,Female,53,Yes,2.0,Engineer,No,12.0,Low,Wind,A
1163,Male,55,Yes,2.0,Doctor,Yes,0.0,High,Solar,C
1164,Female,42,Yes,3.0,Engineer,No,0.0,Low,Solar,A
1165,Female,26,No,1.0,Marketing,Yes,11.0,Low,Solar,D
1166,Male,29,No,3.0,Healthcare,No,0.0,Low,Solar,D
1167,Male,39,Yes,4.0,Artist,Yes,4.0,Average,Wind,C
1168,Male,38,Yes,3.0,Artist,Yes,1.0,Average,Solar,C
1169,Male,69,Yes,2.0,Entertainment,Yes,1.0,Average,Solar,C
1170,Female,25,No,3.0,Artist,No,6.0,Low,Solar,D
1171,Female,26,No,4.0,Artist,Yes,4.0,Low,Solar,C
1172,Male,51,Yes,5.0,Executive,No,0.0,High,Solar,C
1173,Male,30,Yes,2.0,Homemaker,No,8.0,Average,Solar,D
1174,Female,28,Yes,2.0,Homemaker,No,1.0,Average,Wind,B
1175,Female,33,No,2.0,Homemaker,No,8.0,Low,Solar,D
1176,Female,41,No,1.0,Engineer,Yes,1.0,Low,Solar,A
1177,Male,71,No,2.0,Lawyer,No,1.0,Low,Solar,D
1178,Male,42,Yes,3.0,Executive,Yes,5.0,High,Solar,C
1179,Male,71,Yes,1.0,Lawyer,Yes,2.0,Low,Solar,A
1180,Male,35,Yes,5.0,Artist,No,6.0,Average,Solar,C
1181,Male,28,No,5.0,Marketing,No,0.0,Low,Solar,D
1182,Male,31,Yes,2.0,Artist,Yes,1.0,Average,Wind,C
1183,Male,43,Yes,3.0,Artist,Yes,2.0,Average,Solar,C
1184,Female,77,Yes,2.0,Lawyer,No,0.0,High,Solar,A
1185,Female,71,Yes,1.0,Engineer,Yes,0.0,Low,Solar,A
1186,Female,47,Yes,2.0,Engineer,Yes,0.0,Average,Solar,B
1187,Female,26,No,1.0,Homemaker,No,9.0,Low,Solar,D
1188,Male,40,Yes,4.0,Doctor,No,4.0,Average,Solar,C
1189,Female,72,Yes,2.0,Lawyer,Yes,0.0,High,Solar,C
1190,Female,73,Yes,2.0,Artist,Yes,1.0,High,Solar,C
1191,Male,26,No,6.0,Healthcare,Yes,1.0,Low,Wind,D
1192,Female,57,Yes,3.0,Engineer,Yes,1.0,High,Wind,B
1193,Male,30,Yes,3.0,Artist,No,1.0,Average,Solar,C
1194,Female,36,Yes,3.0,Artist,No,1.0,Average,Solar,C
1195,Male,52,Yes,4.0,Entertainment,No,10.0,Average,Solar,A
1196,Male,42,Yes,2.0,Artist,Yes,3.0,Average,Solar,C
1197,Male,52,Yes,1.0,Engineer,No,1.0,Low,Solar,A
1198,Male,28,Yes,3.0,Artist,Yes,0.0,Average,Tidal,C
1199,Female,43,Yes,1.0,Homemaker,No,7.0,Low,Solar,D
1200,Male,43,No,1.0,Artist,Yes,1.0,Low,Solar,A
1201,Male,25,No,4.0,Doctor,No,0.0,Low,Solar,D
1202,Male,52,Yes,3.0,Executive,Yes,1.0,High,Solar,C
1203,Female,28,No,1.0,Homemaker,Yes,9.0,Low,Solar,D
1204,Male,56,Yes,4.0,Entertainment,Yes,0.0,Average,Solar,C
1205,Male,38,Yes,7.0,Executive,No,12.0,High,Solar,D
1206,Male,83,Yes,2.0,Lawyer,No,1.0,High,Solar,A
1207,Male,82,Yes,2.0,Lawyer,Yes,1.0,High,Solar,C
1208,Male,32,Yes,2.0,Homemaker,Yes,8.0,Low,Solar,D
1209,Female,35,No,1.0,Homemaker,Yes,12.0,Low,Solar,D
1210,Male,40,Yes,2.0,Marketing,Yes,0.0,Low,Solar,D
1211,Female,25,No,1.0,Homemaker,Yes,13.0,Low,Solar,D
1212,Female,39,Yes,3.0,Artist,Yes,1.0,Average,Solar,C
1213,Male,25,No,1.0,Artist,Yes,7.0,Low,Solar,A
1214,Male,52,Yes,4.0,Artist,Yes,0.0,Low,Solar,C
1215,Male,33,No,4.0,Artist,No,0.0,Low,Geothermal,A
1216,Male,28,No,3.0,Artist,Yes,6.0,Low,Solar,A
1217,Female,43,No,1.0,Artist,Yes,0.0,Low,Solar,B
1218,Male,30,No,2.0,Artist,Yes,8.0,Low,Geothermal,A
1219,Female,84,Yes,2.0,Lawyer,Yes,1.0,High,Solar,C
1220,Male,48,Yes,4.0,Executive,Yes,6.0,High,Solar,C
1221,Female,55,Yes,2.0,Engineer,No,3.0,Average,Solar,B
1222,Female,37,Yes,1.0,Homemaker,Yes,8.0,Low,Solar,A
1223,Male,38,Yes,3.0,Engineer,Yes,11.0,Average,Solar,B
1224,Female,28,No,3.0,Doctor,Yes,1.0,Low,Solar,A
1225,Male,86,Yes,1.0,Lawyer,Yes,1.0,Low,Solar,A
1226,Female,35,No,1.0,Homemaker,No,9.0,Low,Solar,D
1227,Male,35,No,2.0,Entertainment,No,0.0,Low,Solar,D
1228,Female,46,Yes,1.0,Lawyer,No,0.0,Low,Solar,D
1229,Female,79,Yes,1.0,Lawyer,Yes,0.0,Low,Solar,A
1230,Male,63,Yes,2.0,Lawyer,Yes,5.0,High,Solar,A
1231,Female,50,Yes,3.0,Doctor,Yes,1.0,High,Solar,C
1232,Female,35,No,1.0,Entertainment,Yes,0.0,Low,Solar,A
1233,Male,65,Yes,1.0,Doctor,No,1.0,Low,Solar,A
1234,Male,50,Yes,4.0,Artist,No,0.0,Average,Solar,C
1235,Female,27,No,2.0,Homemaker,No,1.0,Low,Wind,D
1236,Male,45,Yes,3.0,Executive,Yes,0.0,High,Solar,C
1237,Female,36,No,4.0,Homemaker,Yes,0.0,Low,Solar,D
1238,Male,43,Yes,2.0,Entertainment,No,11.0,Average,Solar,A
1239,Male,62,Yes,5.0,Marketing,Yes,1.0,High,Solar,C
1240,Male,57,Yes,2.0,Artist,Yes,2.0,Average,Solar,C
1241,Male,51,No,1.0,Marketing,No,9.0,Low,Solar,D
1242,Male,59,Yes,1.0,Artist,Yes,0.0,Low,Wind,B
1243,Female,27,Yes,4.0,Artist,No,0.0,Low,Solar,A
1244,Female,83,Yes,2.0,Lawyer,No,1.0,High,Solar,B
1245,Male,50,Yes,3.0,Entertainment,Yes,6.0,Low,Solar,A
1246,Male,75,Yes,3.0,Executive,Yes,1.0,High,Solar,C
1247,Male,28,No,2.0,Executive,No,2.0,Low,Wind,D
1248,Male,39,Yes,2.0,Artist,Yes,9.0,Average,Solar,C
1249,Female,69,Yes,2.0,Doctor,Yes,0.0,Average,Solar,C
1250,Female,41,No,1.0,Artist,Yes,1.0,Low,Hydro,A
1251,Female,28,Yes,5.0,Healthcare,Yes,0.0,Low,Wind,D
1252,Female,39,Yes,3.0,Entertainment,No,1.0,High,Wind,A
1253,Male,47,No,1.0,Artist,Yes,0.0,Low,Wind,A
1254,Female,62,Yes,1.0,Engineer,Yes,1.0,Low,Wind,A
1255,Female,41,Yes,4.0,Engineer,No,0.0,Low,Wind,A
1256,Male,49,Yes,3.0,Doctor,Yes,5.0,Average,Geothermal,C
1257,Female,52,Yes,2.0,Artist,Yes,8.0,Low,Solar,B
1258,Female,48,Yes,2.0,Entertainment,No,2.0,Average,Hydro,A
1259,Female,26,No,2.0,Healthcare,Yes,7.0,Low,Wind,D
1260,Female,72,Yes,1.0,Engineer,Yes,1.0,Low,Solar,A
1261,Female,47,Yes,3.0,Artist,Yes,0.0,Low,Hydro,B
1262,Female,19,No,2.0,Healthcare,No,1.0,Low,Hydro,D
1263,Female,21,No,3.0,Healthcare,No,1.0,Low,Not Interested,D
1264,Male,39,No,1.0,Entertainment,No,1.0,Low,Solar,A
1265,Female,52,No,1.0,Artist,Yes,0.0,Low,Solar,C
1266,Male,37,Yes,3.0,Entertainment,No,8.0,Average,Solar,A
1267,Male,51,Yes,2.0,Entertainment,No,0.0,Low,Solar,A
1268,Male,48,Yes,3.0,Engineer,No,1.0,Average,Solar,B
1269,Male,22,No,3.0,Healthcare,No,1.0,Low,Solar,D
1270,Male,47,Yes,4.0,Executive,Yes,1.0,High,Solar,C
1271,Female,45,Yes,3.0,Engineer,No,0.0,Average,Solar,B
1272,Female,29,No,2.0,Engineer,No,5.0,Low,Solar,D
1273,Female,47,Yes,1.0,Doctor,No,1.0,Low,Solar,A
1274,Male,41,Yes,2.0,Entertainment,Yes,8.0,Average,Solar,A
1275,Female,32,Yes,4.0,Homemaker,No,9.0,Average,Biomass,B
1276,Male,31,Yes,3.0,Marketing,No,2.0,Low,Solar,D
1277,Male,20,No,3.0,Marketing,No,1.0,Low,Solar,D
1278,Female,46,Yes,3.0,Artist,Yes,0.0,Average,Solar,C
1279,Male,70,Yes,1.0,Lawyer,Yes,3.0,Low,Solar,A
1280,Male,65,Yes,3.0,Artist,Yes,1.0,Average,Solar,C
1281,Female,68,Yes,2.0,Artist,Yes,1.0,Average,Solar,C
1282,Male,29,Yes,1.0,Homemaker,No,9.0,Low,Hydro,D
1283,Male,41,Yes,2.0,Entertainment,Yes,3.0,Average,Wind,A
1284,Male,50,Yes,5.0,Executive,No,0.0,Low,Solar,D
1285,Male,38,Yes,2.0,Entertainment,Yes,9.0,Average,Wind,A
1286,Male,37,Yes,2.0,Executive,No,1.0,Average,Wind,B
1287,Female,30,Yes,2.0,Engineer,No,6.0,Low,Wind,A
1288,Female,63,Yes,1.0,Engineer,Yes,1.0,Low,Wind,A
1289,Male,42,Yes,2.0,Artist,Yes,6.0,Average,Wind,C
1290,Male,41,Yes,3.0,Executive,No,0.0,High,Solar,B
1291,Female,60,Yes,4.0,Engineer,Yes,1.0,High,Solar,B
1292,Male,46,Yes,2.0,Engineer,Yes,1.0,Low,Wind,A
1293,Female,83,Yes,2.0,Lawyer,No,0.0,High,Solar,B
1294,Male,27,Yes,2.0,Healthcare,Yes,3.0,Low,Solar,D
1295,Female,22,No,4.0,Healthcare,No,1.0,Low,Biomass,D
1296,Male,20,No,4.0,Healthcare,No,0.0,Low,Solar,D
1297,Female,40,Yes,2.0,Engineer,Yes,0.0,Low,Solar,A
1298,Female,28,No,6.0,Doctor,Yes,0.0,Low,Hydro,D
1299,Male,28,No,1.0,Doctor,Yes,1.0,Low,Hydro,A
1300,Male,28,Yes,2.0,Entertainment,No,0.0,Low,Wind,A
1301,Female,20,No,4.0,Healthcare,No,0.0,Low,Wind,D
1302,Female,53,Yes,6.0,Engineer,No,0.0,Average,Wind,B
1303,Female,35,Yes,2.0,Doctor,Yes,0.0,Low,Solar,A
1304,Female,21,No,4.0,Healthcare,Yes,3.0,Low,Geothermal,D
1305,Male,30,No,4.0,Healthcare,Yes,6.0,Low,Biomass,D
1306,Female,46,Yes,1.0,Artist,Yes,2.0,Low,Solar,B
1307,Female,36,No,4.0,Engineer,Yes,3.0,Low,Biomass,A
1308,Female,38,Yes,3.0,Artist,Yes,4.0,High,Biomass,C
1309,Female,26,Yes,2.0,Marketing,No,1.0,Average,Solar,D
1310,Female,45,Yes,1.0,Doctor,Yes,1.0,Low,Hydro,A
1311,Female,46,Yes,2.0,Executive,Yes,5.0,High,Solar,C
1312,Male,25,No,1.0,Doctor,Yes,0.0,Low,Wind,A
1313,Male,27,No,7.0,Marketing,No,0.0,Low,Solar,D
1314,Female,42,Yes,1.0,Doctor,Yes,6.0,Low,Wind,A
1315,Male,20,Yes,2.0,Marketing,No,3.0,Low,Wind,D
1316,Male,55,Yes,1.0,Doctor,Yes,6.0,Low,Wind,A
1317,Male,25,No,1.0,Marketing,No,1.0,Low,Solar,D
1318,Male,27,Yes,2.0,Doctor,No,1.0,High,Wind,A
1319,Male,31,No,4.0,Marketing,No,0.0,Low,Wind,D
1320,Female,38,Yes,5.0,Entertainment,No,6.0,Average,Biomass,B
1321,Male,43,Yes,2.0,Entertainment,Yes,1.0,Average,Solar,B
1322,Female,59,Yes,3.0,Artist,Yes,2.0,High,Solar,C
1323,Male,61,Yes,3.0,Executive,No,1.0,Average,Solar,C
1324,Female,27,Yes,2.0,Engineer,Yes,1.0,Low,Solar,A
1325,Male,26,Yes,5.0,Executive,No,1.0,High,Solar,D
1326,Male,39,Yes,4.0,Artist,Yes,1.0,Average,Hydro,B
1327,Male,51,Yes,3.0,Artist,Yes,0.0,Average,Solar,C
1328,Male,47,Yes,3.0,Entertainment,No,0.0,Average,Solar,A
1329,Male,52,Yes,4.0,Artist,Yes,1.0,Average,Solar,C
1330,Male,59,Yes,2.0,Lawyer,Yes,1.0,High,Solar,A
1331,Male,57,Yes,2.0,Engineer,No,1.0,Average,Solar,B
1332,Female,86,Yes,2.0,Lawyer,Yes,1.0,High,Solar,C
1333,Male,49,Yes,2.0,Artist,Yes,1.0,Average,Solar,C
1334,Male,30,No,4.0,Doctor,No,1.0,Low,Hydro,D
1335,Female,43,Yes,4.0,Engineer,No,0.0,Average,Solar,B
1336,Male,19,No,5.0,Healthcare,No,1.0,Low,Biomass,D
1337,Male,20,No,4.0,Healthcare,No,1.0,Low,Solar,D
1338,Male,19,No,3.0,Healthcare,No,1.0,Low,Solar,D
1339,Female,43,Yes,1.0,Doctor,Yes,0.0,Low,Solar,A
1340,Male,31,No,4.0,Healthcare,No,0.0,Low,Hydro,D
1341,Male,30,Yes,2.0,Executive,No,1.0,High,Solar,D
1342,Male,27,Yes,3.0,Doctor,Yes,8.0,Average,Solar,C
1343,Male,36,Yes,4.0,Executive,Yes,1.0,High,Solar,C
1344,Male,47,Yes,2.0,Executive,Yes,0.0,Low,Solar,A
1345,Male,35,Yes,4.0,Executive,Yes,1.0,High,Solar,C
1346,Male,25,Yes,2.0,Entertainment,Yes,0.0,Low,Not Interested,A
1347,Female,25,Yes,3.0,Artist,No,0.0,Low,Solar,A
1348,Male,38,No,1.0,Artist,No,1.0,Low,Wind,A
1349,Female,32,No,3.0,Engineer,No,0.0,Low,Solar,D
1350,Male,48,Yes,6.0,Executive,No,1.0,High,Solar,C
1351,Female,38,No,1.0,Artist,No,10.0,Low,Solar,A
1352,Male,70,Yes,2.0,Executive,No,1.0,High,Solar,B
1353,Male,42,No,1.0,Marketing,Yes,1.0,Low,Solar,D
1354,Female,85,Yes,2.0,Artist,Yes,1.0,High,Biomass,C
1355,Female,25,No,3.0,Healthcare,Yes,1.0,Low,Solar,D
1356,Female,31,No,2.0,Doctor,Yes,1.0,Low,Hydro,A
1357,Female,20,No,4.0,Healthcare,No,3.0,Low,Hydro,D
1358,Female,37,Yes,2.0,Artist,Yes,0.0,Average,Hydro,B
1359,Male,33,No,2.0,Artist,Yes,8.0,Low,Solar,A
1360,Female,52,No,1.0,Artist,No,5.0,Low,Solar,A
1361,Male,26,No,3.0,Doctor,Yes,0.0,Low,Solar,D
1362,Female,21,No,5.0,Healthcare,No,9.0,Low,Hydro,D
1363,Female,42,No,1.0,Engineer,Yes,0.0,Low,Solar,A
1364,Female,35,Yes,4.0,Homemaker,Yes,1.0,Average,Biomass,B
1365,Male,39,Yes,4.0,Artist,Yes,0.0,Average,Solar,C
1366,Female,41,Yes,2.0,Doctor,Yes,1.0,Average,Solar,C
1367,Female,18,No,5.0,Healthcare,No,1.0,Low,Solar,D
1368,Male,22,No,1.0,Healthcare,No,0.0,Low,Solar,D
1369,Female,25,Yes,2.0,Engineer,No,2.0,Low,Solar,D
1370,Female,20,No,5.0,Healthcare,No,4.0,Low,Solar,D
1371,Female,18,No,4.0,Entertainment,No,0.0,Low,Biomass,D
1372,Female,20,No,5.0,Healthcare,No,1.0,Low,Geothermal,D
1373,Male,21,No,4.0,Marketing,No,0.0,Low,Biomass,D
1374,Female,25,No,4.0,Healthcare,No,1.0,Low,Wind,D
1375,Female,60,Yes,2.0,Artist,Yes,1.0,Average,Solar,C
1376,Female,46,Yes,5.0,Engineer,No,0.0,Average,Wind,B
1377,Male,68,Yes,2.0,Executive,No,1.0,High,Solar,B
1378,Male,21,No,4.0,Healthcare,No,1.0,Low,Biomass,D
1379,Male,27,No,3.0,Doctor,Yes,0.0,Low,Solar,D
1380,Male,59,Yes,4.0,Executive,Yes,1.0,High,Solar,C
1381,Female,26,No,1.0,Artist,Yes,8.0,Low,Solar,A
1382,Male,26,Yes,2.0,Artist,Yes,0.0,Average,Solar,C
1383,Female,32,Yes,2.0,Doctor,No,1.0,Average,Not Interested,A
1384,Male,33,No,6.0,Healthcare,No,0.0,Low,Solar,D
1385,Male,28,No,3.0,Healthcare,Yes,0.0,Low,Solar,D
1386,Female,30,No,3.0,Healthcare,Yes,0.0,Low,Not Interested,D
1387,Female,32,No,1.0,Artist,Yes,1.0,Low,Solar,A
1388,Female,41,No,3.0,Engineer,No,3.0,Low,Wind,A
1389,Male,42,Yes,2.0,Artist,Yes,13.0,Low,Solar,A
1390,Female,45,Yes,4.0,Doctor,Yes,1.0,Average,Solar,C
1391,Female,39,No,2.0,Artist,Yes,1.0,Low,Solar,C
1392,Female,29,No,1.0,Engineer,No,0.0,Low,Solar,D
1393,Male,46,Yes,3.0,Entertainment,Yes,1.0,Average,Solar,C
1394,Female,26,Yes,4.0,Marketing,Yes,5.0,High,Biomass,C
1395,Female,26,No,4.0,Healthcare,Yes,1.0,Low,Solar,D
1396,Female,41,Yes,2.0,Doctor,Yes,1.0,Low,Solar,A
1397,Female,38,Yes,3.0,Marketing,Yes,9.0,Low,Solar,D
1398,Male,69,Yes,4.0,Executive,No,1.0,High,Solar,C
1399,Male,46,No,2.0,Artist,Yes,0.0,Low,Solar,C
1400,Female,40,No,1.0,Artist,No,0.0,Low,Geothermal,A
1401,Male,25,No,3.0,Engineer,No,9.0,Low,Hydro,D
1402,Male,59,Yes,2.0,Artist,No,1.0,Average,Hydro,B
1403,Male,26,No,4.0,Doctor,No,1.0,Low,Solar,D
1404,Female,33,No,4.0,Artist,Yes,0.0,Low,Solar,C
1405,Male,56,Yes,2.0,Executive,Yes,8.0,High,Solar,B
1406,Male,30,No,5.0,Healthcare,No,0.0,Low,Hydro,D
1407,Female,26,No,3.0,Healthcare,No,0.0,Low,Solar,D
1408,Female,28,No,5.0,Doctor,No,0.0,Low,Wind,D
1409,Female,28,Yes,6.0,Doctor,No,0.0,Average,Solar,C
1410,Male,20,No,4.0,Healthcare,No,1.0,Low,Solar,D
1411,Male,41,Yes,3.0,Executive,No,1.0,Average,Solar,C
1412,Male,37,Yes,3.0,Artist,Yes,0.0,High,Solar,C
1413,Male,59,Yes,3.0,Artist,Yes,1.0,Average,Wind,C
1414,Female,43,Yes,2.0,Artist,Yes,0.0,Average,Solar,C
1415,Male,20,No,3.0,Healthcare,No,1.0,Low,Solar,D
1416,Female,30,No,5.0,Healthcare,Yes,1.0,Low,Biomass,D
1417,Male,66,Yes,2.0,Executive,No,0.0,Average,Solar,C
1418,Male,28,Yes,3.0,Artist,Yes,1.0,Average,Solar,C
1419,Male,49,Yes,3.0,Entertainment,Yes,0.0,Average,Solar,C
1420,Female,61,Yes,3.0,Artist,Yes,0.0,Average,Solar,C
1421,Male,27,Yes,2.0,Artist,Yes,9.0,Average,Solar,C
1422,Female,35,Yes,1.0,Engineer,No,1.0,Low,Hydro,A
1423,Male,33,Yes,2.0,Healthcare,Yes,0.0,Average,Solar,C
1424,Female,36,Yes,2.0,Artist,Yes,2.0,Average,Solar,C
1425,Female,27,No,1.0,Artist,Yes,9.0,Low,Solar,A
1426,Female,29,No,2.0,Healthcare,No,1.0,Low,Solar,D
1427,Female,31,No,5.0,Engineer,No,1.0,Low,Hydro,D
1428,Female,30,No,4.0,Healthcare,No,0.0,Low,Hydro,D
1429,Female,43,Yes,2.0,Artist,Yes,1.0,Average,Solar,C
1430,Male,47,Yes,4.0,Executive,No,1.0,Low,Hydro,D
1431,Female,42,No,1.0,Engineer,No,1.0,Low,Solar,A
1432,Female,33,No,5.0,Healthcare,Yes,1.0,Low,Biomass,D
1433,Female,36,No,4.0,Artist,Yes,1.0,Low,Biomass,C
1434,Female,30,No,3.0,Engineer,Yes,1.0,Low,Solar,A
1435,Male,60,Yes,1.0,Artist,Yes,9.0,Low,Solar,A
1436,Female,32,No,3.0,Healthcare,Yes,0.0,Low,Hydro,D
1437,Female,32,Yes,2.0,Artist,Yes,0.0,Average,Hydro,B
1438,Female,28,No,3.0,Healthcare,No,7.0,Low,Geothermal,D
1439,Male,46,Yes,4.0,Healthcare,Yes,2.0,High,Not Interested,C
1440,Female,38,Yes,1.0,Artist,Yes,4.0,Low,Solar,A
1441,Male,28,Yes,2.0,Artist,Yes,8.0,Low,Solar,A
1442,Male,30,Yes,2.0,Entertainment,Yes,7.0,Low,Solar,A
1443,Female,52,Yes,3.0,Artist,Yes,0.0,Average,Solar,C
1444,Female,46,Yes,4.0,Engineer,Yes,1.0,Average,Solar,C
1445,Male,37,Yes,2.0,Engineer,No,0.0,Average,Tidal,A
1446,Female,25,No,3.0,Engineer,Yes,2.0,Low,Solar,A
1447,Female,43,Yes,4.0,Engineer,Yes,1.0,Average,Solar,B
1448,Male,32,No,4.0,Marketing,No,0.0,Low,Solar,D
1449,Female,50,Yes,4.0,Engineer,Yes,1.0,High,Solar,B
1450,Male,43,Yes,3.0,Artist,No,3.0,Average,Solar,C
1451,Male,37,Yes,2.0,Artist,Yes,0.0,Average,Hydro,B
1452,Male,61,Yes,4.0,Healthcare,No,0.0,High,Not Interested,C
1453,Male,39,Yes,2.0,Artist,Yes,5.0,Average,Solar,C
1454,Male,46,Yes,5.0,Artist,Yes,1.0,Average,Solar,C
1455,Male,37,Yes,4.0,Entertainment,No,0.0,Average,Hydro,A
1456,Female,36,Yes,3.0,Engineer,No,0.0,Low,Biomass,A
1457,Female,28,No,1.0,Artist,No,0.0,Low,Solar,A
1458,Male,86,Yes,1.0,Lawyer,Yes,0.0,Low,Solar,A
1459,Male,42,No,1.0,Artist,Yes,8.0,Low,Solar,A
1460,Male,82,Yes,1.0,Executive,Yes,1.0,Low,Solar,B
1461,Female,18,No,8.0,Healthcare,No,1.0,Low,Hydro,D
1462,Female,18,No,4.0,Engineer,No,0.0,Low,Solar,D
1463,Female,36,No,1.0,Artist,Yes,1.0,Low,Geothermal,A
1464,Female,26,No,6.0,Engineer,No,1.0,Low,Solar,D
1465,Male,49,Yes,2.0,Entertainment,Yes,1.0,Average,Solar,B
1466,Female,69,Yes,3.0,Artist,Yes,1.0,Average,Solar,C
1467,Female,29,No,6.0,Artist,No,1.0,Low,Hydro,A
1468,Male,68,No,2.0,Entertainment,Yes,1.0,Low,Solar,A
1469,Male,33,No,3.0,Healthcare,No,4.0,Low,Hydro,D
1470,Male,38,Yes,5.0,Executive,No,3.0,High,Solar,D
1471,Male,52,Yes,3.0,Entertainment,No,1.0,Average,Solar,B
1472,Male,28,Yes,2.0,Artist,Yes,1.0,Low,Solar,A
1473,Female,27,No,5.0,Healthcare,No,1.0,Low,Biomass,D
1474,Female,28,No,4.0,Engineer,No,0.0,Low,Hydro,D
1475,Female,25,Yes,3.0,Engineer,No,7.0,High,Solar,A
1476,Female,30,No,1.0,Artist,Yes,8.0,Low,Solar,A
1477,Male,40,Yes,3.0,Artist,Yes,1.0,Average,Biomass,C
1478,Female,25,No,9.0,Artist,Yes,0.0,Low,Solar,C
1479,Female,30,No,1.0,Artist,Yes,5.0,Low,Solar,A
1480,Female,43,Yes,2.0,Engineer,No,0.0,Average,Hydro,A
1481,Female,26,No,4.0,Artist,Yes,1.0,Low,Solar,C
1482,Female,37,Yes,3.0,Entertainment,No,0.0,Average,Solar,B
1483,Female,28,No,5.0,Healthcare,No,1.0,Low,Not Interested,D
1484,Female,31,Yes,5.0,Marketing,No,1.0,Low,Hydro,D
1485,Male,46,Yes,3.0,Artist,Yes,1.0,Low,Solar,C
1486,Female,47,Yes,4.0,Artist,Yes,5.0,Average,Solar,C
1487,Male,28,No,4.0,Healthcare,No,1.0,Low,Solar,D
1488,Male,30,No,1.0,Healthcare,No,0.0,Low,Solar,D
1489,Female,29,Yes,1.0,Entertainment,Yes,1.0,High,Tidal,A
1490,Male,23,No,5.0,Artist,No,2.0,Low,Solar,D
1491,Female,22,No,5.0,Healthcare,No,1.0,Low,Solar,D
1492,Male,20,No,5.0,Healthcare,No,1.0,Low,Not Interested,D
1493,Male,22,No,4.0,Entertainment,No,1.0,Low,Solar,D
1494,Female,19,No,4.0,Healthcare,No,0.0,Low,Solar,D
1495,Male,21,No,3.0,Healthcare,No,1.0,Low,Solar,D
1496,Female,19,No,4.0,Healthcare,No,0.0,Low,Solar,D
1497,Male,39,No,2.0,Artist,Yes,1.0,Low,Solar,A
1498,Female,38,Yes,2.0,Artist,Yes,8.0,Low,Solar,A
1499,Male,33,No,1.0,Healthcare,Yes,3.0,Low,Solar,D
1500,Female,38,No,1.0,Homemaker,Yes,4.0,Low,Solar,A
1501,Female,29,No,3.0,Healthcare,Yes,0.0,Low,Solar,D
1502,Female,35,Yes,1.0,Entertainment,No,4.0,Low,Solar,A
1503,Male,32,Yes,2.0,Artist,Yes,9.0,Average,Solar,C
1504,Male,59,Yes,1.0,Artist,Yes,0.0,Low,Solar,B
1505,Female,32,No,1.0,Doctor,Yes,0.0,Low,Solar,A
1506,Female,29,No,3.0,Healthcare,Yes,8.0,Low,Hydro,D
1507,Female,31,No,4.0,Entertainment,Yes,0.0,Low,Biomass,A
1508,Male,59,Yes,4.0,Executive,No,0.0,High,Solar,B
1509,Male,87,Yes,2.0,Lawyer,Yes,0.0,High,Solar,C
1510,Male,53,Yes,2.0,Executive,Yes,0.0,Low,Solar,B
1511,Male,83,Yes,2.0,Lawyer,No,0.0,High,Solar,A
1512,Male,33,No,5.0,Healthcare,No,1.0,Low,Hydro,D
1513,Female,26,No,4.0,Engineer,No,1.0,Low,Solar,D
1514,Female,39,Yes,5.0,Artist,Yes,7.0,High,Solar,C
1515,Female,27,No,5.0,Healthcare,No,1.0,Low,Hydro,D
1516,Female,42,Yes,2.0,Artist,Yes,5.0,Average,Hydro,B
1517,Male,46,Yes,2.0,Artist,Yes,4.0,Average,Solar,C
1518,Male,63,Yes,2.0,Doctor,Yes,0.0,High,Solar,C
1519,Male,32,No,2.0,Doctor,Yes,1.0,Low,Solar,A
1520,Female,38,No,3.0,Engineer,Yes,0.0,Low,Solar,A
1521,Male,38,No,2.0,Entertainment,Yes,1.0,Low,Solar,A
1522,Female,63,Yes,1.0,Engineer,Yes,1.0,Low,Solar,A
1523,Female,45,No,1.0,Artist,Yes,1.0,Low,Solar,A
1524,Female,33,No,5.0,Healthcare,Yes,1.0,Low,Biomass,D
1525,Male,27,No,2.0,Entertainment,No,0.0,Low,Solar,D
1526,Female,87,Yes,2.0,Artist,No,7.0,High,Not Interested,C
1527,Female,25,No,1.0,Healthcare,No,14.0,Low,Solar,D
1528,Male,61,Yes,4.0,Artist,Yes,0.0,Average,Solar,C
1529,Male,41,Yes,4.0,Artist,Yes,1.0,High,Solar,C
1530,Male,86,Yes,2.0,Lawyer,Yes,1.0,High,Solar,C
1531,Male,51,Yes,3.0,Executive,Yes,4.0,High,Solar,C
1532,Male,83,Yes,2.0,Lawyer,No,0.0,High,Solar,A
1533,Male,60,Yes,3.0,Artist,Yes,3.0,High,Solar,C
1534,Male,65,Yes,3.0,Artist,Yes,6.0,Average,Solar,C
1535,Female,32,No,2.0,Healthcare,No,1.0,Low,Solar,D
1536,Female,41,Yes,1.0,Artist,Yes,1.0,Low,Solar,B
1537,Female,56,Yes,3.0,Artist,Yes,0.0,Average,Solar,C
1538,Female,74,Yes,2.0,Lawyer,No,1.0,High,Solar,A
1539,Male,39,Yes,2.0,Artist,Yes,4.0,Average,Biomass,C
1540,Female,42,No,2.0,Artist,No,2.0,Low,Solar,A
1541,Male,68,Yes,2.0,Artist,Yes,5.0,High,Solar,C
1542,Male,30,No,1.0,Artist,Yes,1.0,Low,Solar,A
1543,Female,32,No,3.0,Healthcare,No,1.0,Low,Solar,D
1544,Male,43,Yes,1.0,Artist,Yes,13.0,Low,Solar,A
1545,Female,40,Yes,2.0,Artist,Yes,3.0,High,Geothermal,B
1546,Female,87,Yes,2.0,Entertainment,No,0.0,High,Solar,B
1547,Male,43,Yes,2.0,Entertainment,No,1.0,Low,Solar,A
1548,Male,48,Yes,3.0,Doctor,Yes,1.0,Average,Biomass,C
1549,Female,58,Yes,2.0,Marketing,Yes,0.0,Average,Solar,C
1550,Male,52,Yes,3.0,Artist,Yes,1.0,High,Solar,C
1551,Female,30,No,3.0,Healthcare,No,14.0,Low,Solar,D
1552,Female,53,Yes,2.0,Artist,Yes,2.0,Low,Solar,C
1553,Female,56,Yes,3.0,Artist,Yes,3.0,Average,Solar,C
1554,Male,48,Yes,4.0,Artist,Yes,1.0,Average,Solar,C
1555,Male,28,Yes,5.0,Doctor,No,1.0,Low,Solar,D
1556,Female,61,Yes,2.0,Artist,Yes,0.0,Average,Solar,C
1557,Male,62,Yes,3.0,Entertainment,Yes,1.0,Average,Solar,C
1558,Female,49,Yes,5.0,Artist,Yes,1.0,Average,Hydro,C
1559,Male,40,Yes,2.0,Entertainment,Yes,0.0,High,Solar,A
1560,Male,62,Yes,2.0,Entertainment,Yes,1.0,Low,Solar,A
1561,Male,35,No,2.0,Entertainment,Yes,1.0,Low,Tidal,A
1562,Female,48,No,1.0,Artist,Yes,4.0,Low,Solar,A
1563,Female,36,Yes,3.0,Artist,Yes,1.0,Average,Biomass,C
1564,Female,56,Yes,5.0,Artist,Yes,1.0,Average,Solar,C
1565,Female,66,Yes,2.0,Marketing,No,0.0,High,Tidal,C
1566,Male,40,No,2.0,Artist,Yes,6.0,Low,Solar,A
1567,Female,57,Yes,2.0,Artist,Yes,0.0,Average,Solar,C
1568,Male,42,Yes,3.0,Artist,Yes,1.0,Average,Biomass,C
1569,Male,35,Yes,3.0,Marketing,No,1.0,Low,Solar,D
1570,Male,58,Yes,2.0,Artist,Yes,0.0,Average,Solar,C
1571,Male,29,No,5.0,Artist,No,8.0,Low,Geothermal,D
1572,Male,26,No,1.0,Doctor,No,0.0,Low,Solar,D
1573,Female,84,Yes,2.0,Lawyer,Yes,1.0,High,Solar,C
1574,Male,86,Yes,1.0,Executive,Yes,0.0,Low,Solar,B
1575,Male,77,Yes,2.0,Lawyer,No,1.0,High,Solar,A
1576,Female,37,No,3.0,Artist,Yes,0.0,Low,Solar,C
1577,Male,74,Yes,2.0,Executive,No,0.0,High,Solar,B
1578,Male,27,No,2.0,Artist,No,1.0,Low,Solar,A
1579,Female,56,Yes,1.0,Artist,Yes,0.0,Low,Solar,B
1580,Female,27,No,1.0,Healthcare,Yes,0.0,Low,Solar,D
1581,Male,39,Yes,2.0,Artist,Yes,7.0,Average,Solar,C
1582,Male,35,Yes,2.0,Entertainment,Yes,3.0,Average,Solar,A
1583,Male,66,Yes,2.0,Entertainment,Yes,1.0,Average,Solar,C
1584,Female,47,No,2.0,Artist,Yes,0.0,Low,Solar,C
1585,Female,36,Yes,2.0,Artist,Yes,8.0,Average,Solar,C
1586,Male,43,Yes,2.0,Artist,Yes,4.0,Average,Solar,C
1587,Female,55,Yes,4.0,Artist,Yes,0.0,Average,Solar,C
1588,Male,41,Yes,3.0,Doctor,Yes,0.0,Average,Solar,C
1589,Female,26,No,5.0,Artist,Yes,9.0,Low,Solar,C
1590,Male,72,Yes,2.0,Artist,Yes,0.0,High,Biomass,C
1591,Male,59,Yes,2.0,Artist,Yes,0.0,Average,Solar,C
1592,Male,38,Yes,3.0,Entertainment,Yes,1.0,Average,Solar,C
1593,Male,72,Yes,2.0,Lawyer,No,1.0,Low,Solar,D
1594,Male,31,No,4.0,Healthcare,Yes,1.0,Low,Solar,D
1595,Male,41,No,1.0,Artist,Yes,9.0,Low,Solar,A
1596,Male,25,No,2.0,Engineer,No,9.0,Low,Wind,D
1597,Male,29,No,2.0,Artist,Yes,1.0,Low,Biomass,A
1598,Male,83,Yes,2.0,Lawyer,Yes,0.0,High,Hydro,A
1599,Female,51,Yes,4.0,Engineer,Yes,0.0,Average,Solar,C
1600,Male,40,Yes,2.0,Artist,Yes,0.0,Low,Biomass,B
1601,Female,76,Yes,2.0,Artist,Yes,0.0,Average,Solar,C
1602,Male,29,Yes,4.0,Artist,Yes,1.0,Low,Solar,C
1603,Male,46,Yes,3.0,Artist,Yes,1.0,Low,Solar,C
1604,Female,58,Yes,4.0,Artist,Yes,0.0,Average,Solar,C
1605,Female,46,No,1.0,Artist,Yes,1.0,Low,Solar,B
1606,Female,74,Yes,2.0,Lawyer,No,0.0,High,Solar,A
1607,Male,53,Yes,3.0,Executive,Yes,1.0,High,Solar,C
1608,Male,63,Yes,1.0,Artist,Yes,1.0,Low,Solar,B
1609,Female,49,Yes,3.0,Artist,Yes,1.0,Average,Solar,C
1610,Male,25,No,2.0,Entertainment,Yes,5.0,Low,Wind,A
1611,Male,46,No,3.0,Engineer,No,1.0,Low,Hydro,D
1612,Female,43,No,9.0,Artist,Yes,7.0,Low,Solar,C
1613,Female,58,Yes,4.0,Artist,Yes,1.0,Average,Wind,C
1614,Male,41,Yes,4.0,Executive,Yes,1.0,High,Solar,C
1615,Female,28,No,3.0,Healthcare,No,1.0,Low,Solar,D
1616,Male,26,No,4.0,Healthcare,Yes,0.0,Low,Solar,D
1617,Male,29,No,2.0,Healthcare,Yes,9.0,Low,Hydro,D
1618,Male,33,No,2.0,Healthcare,Yes,0.0,Low,Geothermal,D
1619,Female,39,No,1.0,Engineer,Yes,14.0,Low,Solar,A
1620,Male,51,Yes,4.0,Entertainment,Yes,0.0,Average,Solar,C
1621,Male,46,Yes,4.0,Entertainment,Yes,4.0,High,Biomass,B
1622,Male,38,Yes,6.0,Executive,No,1.0,High,Solar,C
1623,Male,26,Yes,3.0,Artist,Yes,1.0,Average,Solar,C
1624,Female,42,Yes,4.0,Engineer,Yes,1.0,Average,Hydro,B
1625,Female,43,Yes,3.0,Entertainment,Yes,5.0,Average,Solar,C
1626,Male,53,Yes,4.0,Executive,Yes,1.0,Low,Solar,B
1627,Male,46,Yes,4.0,Artist,Yes,1.0,Low,Solar,C
1628,Female,40,Yes,3.0,Artist,Yes,1.0,Average,Hydro,B
1629,Male,71,Yes,2.0,Artist,Yes,1.0,Low,Solar,C
1630,Male,32,Yes,4.0,Marketing,Yes,13.0,High,Hydro,D
1631,Male,41,No,2.0,Entertainment,Yes,9.0,Low,Solar,A
1632,Female,46,No,2.0,Entertainment,Yes,8.0,Low,Solar,A
1633,Male,40,Yes,4.0,Executive,Yes,0.0,High,Solar,C
1634,Male,29,No,5.0,Doctor,No,1.0,Low,Solar,D
1635,Male,25,Yes,2.0,Doctor,Yes,1.0,Average,Solar,C
1636,Female,52,Yes,1.0,Marketing,Yes,0.0,Low,Solar,A
1637,Male,30,No,5.0,Doctor,Yes,9.0,Low,Solar,D
1638,Female,25,Yes,2.0,Healthcare,Yes,12.0,High,Solar,D
1639,Male,32,No,4.0,Artist,No,9.0,Low,Solar,D
1640,Female,33,No,4.0,Doctor,No,1.0,Low,Solar,D
1641,Female,49,No,1.0,Artist,Yes,1.0,Low,Wind,A
1642,Female,43,No,4.0,Doctor,Yes,1.0,Low,Biomass,B
1643,Male,48,Yes,1.0,Artist,Yes,1.0,Low,Biomass,B
1644,Male,41,No,2.0,Artist,No,5.0,Low,Solar,A
1645,Female,29,No,2.0,Healthcare,Yes,9.0,Low,Solar,D
1646,Female,35,No,2.0,Artist,Yes,0.0,Low,Wind,A
1647,Male,41,Yes,2.0,Artist,Yes,1.0,Average,Solar,C
1648,Female,47,Yes,4.0,Artist,Yes,1.0,Average,Biomass,C
1649,Female,53,Yes,3.0,Artist,Yes,1.0,Average,Solar,C
1650,Male,40,Yes,1.0,Artist,Yes,5.0,Low,Solar,A
1651,Female,40,Yes,2.0,Artist,Yes,0.0,High,Solar,C
1652,Male,46,Yes,1.0,Artist,Yes,0.0,Low,Solar,A
1653,Female,36,No,4.0,Marketing,Yes,1.0,Low,Hydro,D
1654,Female,71,Yes,6.0,Lawyer,Yes,2.0,Low,Tidal,C
1655,Female,30,Yes,2.0,Engineer,No,5.0,Average,Hydro,A
1656,Female,40,Yes,4.0,Engineer,No,1.0,Average,Hydro,A
1657,Male,43,Yes,5.0,Entertainment,No,0.0,Average,Hydro,A
1658,Male,40,Yes,3.0,Entertainment,Yes,3.0,Average,Hydro,A
1659,Male,39,Yes,4.0,Entertainment,No,1.0,Average,Hydro,A
1660,Male,49,Yes,7.0,Executive,No,1.0,High,Biomass,C
1661,Male,51,Yes,5.0,Artist,No,0.0,Average,Hydro,B
1662,Female,39,Yes,9.0,Doctor,No,1.0,Average,Hydro,C
1663,Male,23,Yes,5.0,Healthcare,No,1.0,Low,Hydro,D
1664,Male,53,Yes,6.0,Engineer,No,0.0,Average,Hydro,B
1665,Female,35,No,5.0,Engineer,No,9.0,Low,Hydro,D
1666,Male,35,No,4.0,Executive,No,2.0,Low,Hydro,D
1667,Male,30,Yes,9.0,Doctor,Yes,1.0,Low,Hydro,D
1668,Male,39,Yes,2.0,Engineer,No,2.0,Average,Hydro,A
1669,Male,38,No,3.0,Artist,Yes,1.0,Low,Hydro,A
1670,Female,53,No,1.0,Marketing,No,0.0,Low,Wind,D
1671,Female,36,No,1.0,Engineer,Yes,8.0,Low,Hydro,A
1672,Male,33,No,4.0,Engineer,No,0.0,Low,Hydro,D
1673,Female,40,No,1.0,Engineer,Yes,1.0,Low,Hydro,A
1674,Female,36,Yes,4.0,Artist,Yes,0.0,Average,Hydro,C
1675,Male,31,No,5.0,Doctor,No,1.0,Low,Hydro,D
1676,Male,31,No,2.0,Doctor,No,1.0,Low,Hydro,D
1677,Male,41,Yes,4.0,Healthcare,Yes,0.0,Average,Hydro,C
1678,Male,48,Yes,4.0,Artist,No,0.0,Average,Hydro,B
1679,Female,38,Yes,3.0,Artist,Yes,5.0,Average,Tidal,C
1680,Male,49,Yes,5.0,Artist,No,1.0,Low,Hydro,A
1681,Male,42,Yes,2.0,Doctor,Yes,1.0,Low,Hydro,A
1682,Male,28,Yes,9.0,Executive,Yes,14.0,High,Hydro,D
1683,Male,51,Yes,4.0,Entertainment,No,0.0,High,Hydro,A
1684,Male,41,Yes,2.0,Artist,No,1.0,Average,Hydro,B
1685,Female,57,Yes,6.0,Engineer,No,0.0,Average,Hydro,B
1686,Male,67,Yes,1.0,Artist,Yes,0.0,Low,Hydro,A
1687,Male,29,Yes,5.0,Executive,No,3.0,Average,Hydro,D
1688,Female,46,Yes,1.0,Marketing,Yes,1.0,Low,Hydro,D
1689,Male,49,Yes,2.0,Artist,Yes,0.0,High,Solar,C
1690,Female,28,No,3.0,Engineer,No,6.0,Low,Hydro,D
1691,Female,48,Yes,4.0,Engineer,No,1.0,Average,Hydro,B
1692,Female,51,Yes,4.0,Engineer,No,5.0,Average,Hydro,A
1693,Female,48,Yes,6.0,Engineer,No,5.0,Average,Hydro,B
1694,Female,48,Yes,5.0,Engineer,No,5.0,Average,Hydro,B
1695,Female,52,Yes,4.0,Engineer,No,9.0,Average,Hydro,A
1696,Female,39,Yes,4.0,Engineer,No,8.0,Average,Hydro,A
1697,Female,50,Yes,5.0,Engineer,No,7.0,Average,Hydro,B
1698,Female,33,No,9.0,Engineer,No,1.0,Low,Hydro,D
1699,Female,35,No,1.0,Artist,Yes,1.0,Low,Hydro,A
1700,Male,30,Yes,5.0,Marketing,No,2.0,High,Hydro,D
1701,Female,46,Yes,2.0,Engineer,No,8.0,Average,Hydro,A
1702,Male,36,No,4.0,Marketing,No,0.0,Low,Hydro,D
1703,Male,43,No,1.0,Entertainment,No,0.0,Low,Hydro,A
1704,Male,26,Yes,1.0,Entertainment,No,1.0,Low,Hydro,A
1705,Male,33,Yes,2.0,Executive,No,0.0,Low,Hydro,D
1706,Male,50,Yes,5.0,Entertainment,Yes,1.0,Average,Hydro,B
1707,Female,49,Yes,5.0,Engineer,Yes,1.0,High,Hydro,B
1708,Male,48,Yes,5.0,Engineer,Yes,6.0,Average,Solar,C
1709,Male,31,No,1.0,Artist,Yes,5.0,Low,Hydro,A
1710,Female,38,Yes,2.0,Engineer,No,1.0,Average,Hydro,A
1711,Female,21,No,1.0,Healthcare,No,5.0,Low,Hydro,D
1712,Female,50,Yes,5.0,Entertainment,No,8.0,Average,Hydro,A
1713,Male,23,No,6.0,Healthcare,No,9.0,Low,Hydro,D
1714,Female,21,Yes,2.0,Healthcare,No,0.0,Low,Hydro,D
1715,Male,71,Yes,2.0,Lawyer,No,1.0,Low,Hydro,D
1716,Male,20,No,6.0,Healthcare,No,0.0,Low,Hydro,D
1717,Female,32,Yes,5.0,Engineer,No,7.0,High,Hydro,A
1718,Male,29,Yes,3.0,Engineer,No,0.0,Average,Hydro,A
1719,Male,42,Yes,4.0,Artist,Yes,0.0,Average,Hydro,C
1720,Male,20,No,6.0,Doctor,No,0.0,Low,Hydro,D
1721,Male,36,Yes,6.0,Executive,No,1.0,Low,Hydro,D
1722,Female,42,Yes,6.0,Engineer,No,0.0,High,Hydro,A
1723,Male,18,No,4.0,Healthcare,No,7.0,Low,Hydro,D
1724,Male,25,No,2.0,Homemaker,No,1.0,Low,Hydro,D
1725,Female,30,No,8.0,Engineer,No,10.0,Low,Hydro,D
1726,Female,28,No,9.0,Homemaker,No,9.0,Low,Hydro,D
1727,Male,42,Yes,6.0,Entertainment,Yes,7.0,Low,Hydro,A
1728,Male,38,Yes,4.0,Artist,Yes,1.0,Low,Hydro,A
1729,Male,42,Yes,2.0,Artist,Yes,1.0,Average,Hydro,B
1730,Female,52,Yes,5.0,Engineer,No,1.0,Average,Hydro,B
1731,Female,29,Yes,2.0,Doctor,Yes,0.0,Average,Hydro,B
1732,Male,40,Yes,2.0,Artist,Yes,1.0,Low,Hydro,A
1733,Female,38,No,2.0,Engineer,No,1.0,Low,Hydro,A
1734,Male,37,Yes,4.0,Engineer,Yes,1.0,Average,Hydro,B
1735,Female,65,Yes,1.0,Lawyer,No,1.0,Low,Hydro,A
1736,Male,81,Yes,2.0,Executive,No,1.0,High,Hydro,B
1737,Male,59,Yes,2.0,Engineer,Yes,0.0,Average,Hydro,B
1738,Female,47,Yes,5.0,Artist,Yes,1.0,Average,Hydro,C
1739,Male,57,Yes,3.0,Artist,Yes,0.0,Average,Hydro,B
1740,Male,39,Yes,4.0,Executive,Yes,1.0,High,Hydro,B
1741,Female,32,Yes,2.0,Doctor,Yes,8.0,High,Hydro,A
1742,Male,37,Yes,1.0,Artist,Yes,9.0,Low,Hydro,A
1743,Male,39,No,1.0,Artist,Yes,4.0,Low,Hydro,A
1744,Male,39,Yes,5.0,Doctor,No,1.0,Average,Hydro,B
1745,Male,60,Yes,2.0,Executive,No,7.0,Average,Hydro,B
1746,Female,70,Yes,2.0,Artist,Yes,1.0,Average,Hydro,C
1747,Male,51,Yes,1.0,Executive,Yes,9.0,Low,Hydro,A
1748,Male,48,Yes,3.0,Artist,No,1.0,Low,Hydro,A
1749,Male,43,No,1.0,Entertainment,No,0.0,Low,Hydro,A
1750,Female,29,Yes,2.0,Engineer,No,1.0,Low,Hydro,A
1751,Female,43,Yes,2.0,Entertainment,Yes,0.0,Low,Hydro,A
1752,Male,25,No,1.0,Doctor,No,5.0,Low,Hydro,D
1753,Female,75,Yes,1.0,Lawyer,No,0.0,Low,Hydro,A
1754,Female,22,No,5.0,Healthcare,No,0.0,Low,Hydro,D
1755,Male,86,Yes,1.0,Marketing,No,1.0,Low,Hydro,A
1756,Female,50,Yes,2.0,Entertainment,Yes,1.0,Low,Hydro,A
1757,Male,73,Yes,9.0,Lawyer,No,1.0,High,Hydro,D
1758,Male,87,No,2.0,Lawyer,Yes,1.0,Low,Hydro,A
1759,Male,49,Yes,4.0,Artist,Yes,0.0,Average,Solar,C
1760,Male,46,Yes,5.0,Executive,Yes,1.0,High,Solar,C
1761,Male,73,Yes,2.0,Executive,No,0.0,High,Solar,B
1762,Female,87,Yes,2.0,Lawyer,Yes,1.0,High,Solar,C
1763,Male,53,Yes,4.0,Executive,No,2.0,High,Hydro,B
1764,Male,84,Yes,2.0,Lawyer,Yes,1.0,High,Solar,C
1765,Male,47,Yes,3.0,Executive,Yes,3.0,High,Solar,C
1766,Male,59,Yes,4.0,Executive,No,1.0,High,Solar,B
1767,Male,82,Yes,1.0,Lawyer,No,1.0,Low,Solar,A
1768,Female,71,Yes,2.0,Lawyer,Yes,0.0,High,Solar,C
1769,Male,39,Yes,2.0,Artist,Yes,9.0,Average,Biomass,C
1770,Female,25,No,2.0,Doctor,No,0.0,Low,Solar,D
1771,Male,67,Yes,2.0,Executive,Yes,1.0,High,Solar,C
1772,Female,83,Yes,2.0,Lawyer,Yes,13.0,High,Solar,C
1773,Male,49,Yes,4.0,Executive,No,0.0,High,Solar,B
1774,Female,87,Yes,2.0,Lawyer,No,0.0,High,Solar,B
1775,Male,69,Yes,2.0,Lawyer,No,1.0,Average,Solar,A
1776,Male,40,Yes,2.0,Entertainment,Yes,9.0,Average,Solar,A
1777,Male,87,Yes,2.0,Lawyer,Yes,1.0,High,Solar,C
1778,Male,68,Yes,3.0,Healthcare,Yes,0.0,Average,Solar,C
1779,Female,43,Yes,2.0,Artist,Yes,1.0,Average,Solar,C
1780,Male,67,Yes,5.0,Artist,Yes,0.0,High,Solar,C
1781,Male,80,Yes,1.0,Lawyer,Yes,1.0,Low,Solar,A
1782,Male,65,Yes,1.0,Lawyer,Yes,1.0,Low,Wind,A
1783,Male,29,No,4.0,Doctor,Yes,0.0,Low,Solar,D
1784,Male,60,Yes,3.0,Entertainment,Yes,1.0,Average,Solar,C
1785,Male,72,Yes,2.0,Executive,Yes,1.0,High,Solar,C
1786,Male,57,Yes,1.0,Doctor,Yes,0.0,Low,Solar,A
1787,Male,47,Yes,4.0,Executive,Yes,1.0,High,Solar,C
1788,Male,39,Yes,2.0,Entertainment,No,1.0,Average,Solar,A
1789,Male,62,Yes,2.0,Artist,Yes,0.0,High,Solar,C
1790,Female,81,Yes,1.0,Lawyer,Yes,1.0,Low,Solar,A
1791,Male,65,Yes,2.0,Executive,No,8.0,Average,Solar,C
1792,Male,47,No,2.0,Lawyer,No,1.0,Low,Solar,D
1793,Female,40,Yes,2.0,Artist,Yes,8.0,Average,Solar,C
1794,Female,86,Yes,2.0,Lawyer,No,0.0,High,Solar,B
1795,Male,67,Yes,2.0,Lawyer,Yes,0.0,High,Hydro,A
1796,Female,45,Yes,5.0,Artist,Yes,0.0,Average,Solar,C
1797,Female,27,No,4.0,Healthcare,Yes,1.0,Low,Solar,D
1798,Female,32,No,1.0,Artist,Yes,7.0,Low,Wind,A
1799,Female,41,Yes,2.0,Artist,Yes,3.0,Average,Solar,C
1800,Female,27,Yes,2.0,Healthcare,Yes,6.0,Average,Solar,C
1801,Female,58,Yes,3.0,Artist,No,0.0,Average,Solar,C
1802,Female,61,Yes,5.0,Entertainment,Yes,1.0,Average,Solar,C
1803,Male,52,Yes,2.0,Artist,Yes,0.0,Average,Solar,C
1804,Male,25,No,1.0,Doctor,Yes,8.0,Low,Solar,D
1805,Male,33,No,3.0,Healthcare,Yes,2.0,Low,Solar,D
1806,Male,31,No,2.0,Artist,No,0.0,Low,Solar,A
1807,Male,37,No,1.0,Entertainment,Yes,1.0,Low,Solar,A
1808,Male,38,Yes,2.0,Artist,Yes,1.0,Average,Solar,C
1809,Male,81,Yes,1.0,Lawyer,Yes,0.0,Low,Solar,A
1810,Male,61,Yes,3.0,Executive,Yes,0.0,High,Solar,C
1811,Male,20,No,3.0,Healthcare,No,0.0,Low,Solar,D
1812,Female,48,Yes,4.0,Artist,Yes,8.0,High,Solar,C
1813,Female,43,Yes,2.0,Artist,Yes,8.0,Average,Solar,C
1814,Female,22,No,4.0,Homemaker,No,0.0,Low,Solar,D
1815,Female,63,Yes,4.0,Artist,Yes,1.0,Average,Solar,C
1816,Female,25,No,1.0,Healthcare,Yes,8.0,Low,Hydro,D
1817,Female,73,No,1.0,Lawyer,Yes,1.0,Low,Solar,A
1818,Female,43,Yes,4.0,Artist,No,4.0,Average,Tidal,C
1819,Female,39,Yes,4.0,Doctor,No,1.0,Average,Hydro,B
1820,Female,49,Yes,4.0,Artist,Yes,0.0,Average,Solar,C
1821,Female,83,Yes,2.0,Lawyer,Yes,1.0,High,Solar,C
1822,Male,22,No,6.0,Healthcare,No,9.0,Low,Biomass,D
1823,Female,31,No,2.0,Artist,Yes,2.0,Low,Hydro,A
1824,Female,60,Yes,4.0,Artist,Yes,1.0,High,Solar,C
1825,Male,42,Yes,4.0,Entertainment,Yes,1.0,Average,Wind,B
1826,Male,25,No,4.0,Entertainment,No,7.0,Low,Solar,D
1827,Male,29,No,3.0,Healthcare,Yes,3.0,Low,Solar,D
1828,Male,29,Yes,2.0,Healthcare,Yes,1.0,Low,Solar,D
1829,Male,39,Yes,2.0,Entertainment,Yes,2.0,Average,Solar,B
1830,Male,33,Yes,1.0,Engineer,No,14.0,Low,Solar,D
1831,Male,35,Yes,4.0,Executive,Yes,9.0,High,Solar,C
1832,Male,38,Yes,3.0,Entertainment,No,2.0,Low,Solar,A
1833,Male,59,Yes,2.0,Artist,Yes,1.0,High,Solar,C
1834,Male,67,Yes,2.0,Artist,No,1.0,Average,Solar,C
1835,Male,45,Yes,1.0,Artist,Yes,1.0,Low,Solar,A
1836,Male,70,Yes,2.0,Lawyer,Yes,1.0,High,Solar,B
1837,Male,19,No,4.0,Healthcare,No,5.0,Low,Wind,D
1838,Female,23,No,4.0,Healthcare,No,0.0,Low,Solar,D
1839,Male,22,No,4.0,Healthcare,No,1.0,Low,Not Interested,D
1840,Female,23,No,4.0,Healthcare,Yes,1.0,Low,Tidal,D
1841,Male,80,Yes,1.0,Executive,No,0.0,Low,Solar,A
1842,Male,40,Yes,5.0,Engineer,No,14.0,Average,Hydro,A
1843,Male,36,No,1.0,Artist,Yes,0.0,Low,Hydro,A
1844,Female,31,Yes,4.0,Engineer,No,8.0,Low,Solar,D
1845,Female,20,Yes,2.0,Engineer,No,1.0,Low,Hydro,D
1846,Male,31,Yes,2.0,Executive,Yes,1.0,High,Solar,B
1847,Male,50,Yes,5.0,Executive,Yes,0.0,High,Solar,C
1848,Male,67,Yes,2.0,Lawyer,No,0.0,Low,Solar,D
1849,Female,43,Yes,1.0,Doctor,Yes,9.0,Average,Solar,C
1850,Female,85,Yes,3.0,Lawyer,Yes,5.0,High,Solar,C
1851,Female,65,Yes,3.0,Artist,Yes,1.0,Average,Biomass,C
1852,Male,71,Yes,4.0,Executive,No,1.0,Average,Biomass,C
1853,Female,20,No,6.0,Healthcare,No,1.0,Low,Hydro,D
1854,Male,20,No,5.0,Healthcare,No,0.0,Low,Solar,D
1855,Male,87,Yes,1.0,Artist,Yes,1.0,Low,Solar,B
1856,Female,37,Yes,2.0,Artist,Yes,4.0,Low,Not Interested,A
1857,Male,59,Yes,2.0,Entertainment,No,1.0,Average,Not Interested,A
1858,Female,29,No,4.0,Artist,Yes,3.0,Low,Biomass,B
1859,Male,85,Yes,2.0,Executive,Yes,0.0,High,Solar,C
1860,Female,72,Yes,2.0,Lawyer,Yes,1.0,High,Solar,C
1861,Female,42,No,2.0,Artist,Yes,0.0,Low,Solar,C
1862,Female,45,Yes,2.0,Artist,Yes,9.0,Average,Solar,C
1863,Male,59,Yes,4.0,Entertainment,Yes,1.0,Average,Solar,C
1864,Male,19,No,5.0,Doctor,No,0.0,Low,Biomass,D
1865,Female,47,Yes,3.0,Artist,Yes,0.0,Average,Solar,C
1866,Female,73,Yes,2.0,Artist,Yes,0.0,High,Solar,C
1867,Female,42,Yes,1.0,Artist,No,1.0,Low,Solar,A
1868,Female,37,No,5.0,Doctor,Yes,7.0,Low,Biomass,B
1869,Female,38,No,1.0,Artist,Yes,8.0,Low,Solar,A
1870,Female,41,No,1.0,Artist,Yes,1.0,Low,Solar,A
1871,Female,40,No,1.0,Entertainment,Yes,0.0,Low,Solar,A
1872,Female,30,Yes,4.0,Entertainment,Yes,0.0,Low,Solar,A
1873,Male,56,Yes,2.0,Artist,Yes,0.0,High,Solar,C
1874,Female,65,Yes,2.0,Lawyer,Yes,1.0,High,Solar,C
1875,Male,35,Yes,2.0,Artist,Yes,5.0,Average,Solar,C
1876,Female,37,Yes,5.0,Engineer,No,0.0,Average,Hydro,B
1877,Male,36,No,1.0,Entertainment,Yes,0.0,Low,Hydro,A
1878,Female,26,Yes,4.0,Homemaker,Yes,1.0,High,Biomass,B
1879,Male,25,No,4.0,Executive,No,1.0,Low,Solar,D
1880,Male,30,No,4.0,Healthcare,No,0.0,Low,Geothermal,D
1881,Male,37,Yes,2.0,Entertainment,Yes,1.0,Average,Hydro,A
1882,Male,30,No,3.0,Artist,No,0.0,Low,Solar,A
1883,Male,46,Yes,4.0,Entertainment,Yes,1.0,Average,Not Interested,C
1884,Female,38,No,1.0,Engineer,Yes,1.0,Low,Hydro,A
1885,Female,40,No,1.0,Artist,Yes,1.0,Low,Biomass,B
1886,Female,31,No,1.0,Artist,Yes,5.0,Low,Solar,A
1887,Male,45,Yes,5.0,Executive,Yes,4.0,High,Solar,C
1888,Male,55,Yes,5.0,Engineer,No,1.0,Low,Solar,A
1889,Female,51,Yes,1.0,Engineer,Yes,2.0,Low,Hydro,A
1890,Female,29,No,7.0,Homemaker,Yes,5.0,Low,Solar,D
1891,Female,74,Yes,2.0,Artist,Yes,1.0,High,Solar,C
1892,Male,69,Yes,3.0,Entertainment,No,1.0,Average,Solar,B
1893,Female,28,No,5.0,Doctor,No,1.0,Low,Biomass,D
1894,Male,41,Yes,2.0,Executive,Yes,0.0,Average,Hydro,B
1895,Male,29,Yes,3.0,Healthcare,No,1.0,Low,Solar,D
1896,Male,39,Yes,1.0,Artist,Yes,0.0,Low,Solar,A
1897,Female,74,Yes,3.0,Entertainment,No,1.0,High,Solar,B
1898,Female,59,No,1.0,Artist,Yes,4.0,Low,Solar,C
1899,Male,27,No,3.0,Healthcare,No,1.0,Low,Biomass,D
1900,Male,33,No,1.0,Artist,No,0.0,Low,Hydro,A
1901,Male,31,No,2.0,Entertainment,No,9.0,Low,Biomass,D
1902,Male,46,Yes,3.0,Artist,No,0.0,Average,Solar,C
1903,Female,63,Yes,2.0,Artist,Yes,0.0,Low,Solar,C
1904,Male,22,No,4.0,Healthcare,No,1.0,Low,Solar,D
1905,Female,53,No,5.0,Engineer,Yes,1.0,Low,Solar,B
1906,Male,59,Yes,1.0,Entertainment,No,1.0,Low,Biomass,A
1907,Male,84,Yes,2.0,Lawyer,Yes,1.0,Low,Biomass,A
1908,Male,63,Yes,4.0,Artist,Yes,1.0,Average,Solar,C
1909,Male,35,Yes,1.0,Artist,Yes,8.0,Low,Solar,A
1910,Male,21,No,4.0,Healthcare,No,1.0,Low,Solar,D
1911,Male,67,Yes,2.0,Lawyer,No,0.0,High,Solar,A
1912,Female,41,Yes,3.0,Artist,Yes,1.0,Average,Hydro,B
1913,Female,27,No,8.0,Artist,Yes,0.0,Low,Biomass,C
1914,Female,53,Yes,2.0,Artist,Yes,1.0,Average,Not Interested,C
1915,Female,33,No,8.0,Healthcare,Yes,4.0,Low,Geothermal,C
1916,Female,32,No,4.0,Doctor,No,0.0,Low,Solar,D
1917,Male,59,Yes,2.0,Artist,No,5.0,High,Solar,B
1918,Female,50,Yes,5.0,Artist,Yes,1.0,High,Solar,C
1919,Female,50,Yes,4.0,Artist,Yes,1.0,Average,Not Interested,C
1920,Female,41,Yes,2.0,Healthcare,Yes,1.0,Average,Wind,C
1921,Female,71,Yes,1.0,Lawyer,Yes,1.0,Low,Solar,A
1922,Female,33,No,6.0,Healthcare,Yes,1.0,Low,Wind,D
1923,Female,46,Yes,2.0,Artist,Yes,1.0,Average,Wind,C
1924,Female,78,No,3.0,Lawyer,Yes,1.0,Low,Solar,A
1925,Female,69,Yes,2.0,Lawyer,No,1.0,High,Hydro,A
1926,Female,40,No,1.0,Healthcare,Yes,8.0,Low,Not Interested,D
1927,Male,43,Yes,3.0,Executive,Yes,2.0,High,Solar,C
1928,Male,36,Yes,3.0,Artist,Yes,0.0,High,Solar,C
1929,Male,35,Yes,2.0,Entertainment,Yes,1.0,Average,Biomass,B
1930,Male,30,No,4.0,Healthcare,No,0.0,Low,Wind,D
1931,Male,47,Yes,2.0,Entertainment,No,3.0,Average,Solar,A
1932,Male,69,Yes,1.0,Artist,No,0.0,Low,Solar,A
1933,Male,41,Yes,5.0,Entertainment,Yes,1.0,Low,Wind,A
1934,Male,33,Yes,6.0,Executive,No,4.0,Low,Wind,D
1935,Male,27,No,5.0,Healthcare,Yes,6.0,Low,Biomass,D
1936,Male,38,Yes,2.0,Engineer,Yes,6.0,Low,Wind,A
1937,Male,35,Yes,4.0,Artist,Yes,1.0,Average,Wind,C
1938,Male,27,Yes,2.0,Artist,Yes,10.0,Low,Wind,A
1939,Female,51,Yes,2.0,Homemaker,Yes,9.0,Low,Wind,A
1940,Female,52,Yes,1.0,Engineer,Yes,4.0,Low,Wind,A
1941,Male,53,No,1.0,Doctor,Yes,0.0,Low,Solar,A
1942,Male,43,Yes,2.0,Artist,Yes,8.0,Average,Solar,C
1943,Male,42,Yes,2.0,Doctor,Yes,8.0,Low,Solar,A
1944,Male,36,No,1.0,Doctor,Yes,9.0,Low,Solar,A
1945,Male,36,No,2.0,Artist,Yes,14.0,Low,Solar,A
1946,Female,40,No,1.0,Healthcare,Yes,1.0,Low,Solar,D
1947,Male,47,Yes,3.0,Entertainment,Yes,2.0,Average,Solar,C
1948,Male,30,No,2.0,Doctor,No,1.0,Low,Hydro,D
1949,Female,53,Yes,2.0,Artist,Yes,1.0,Low,Wind,B
1950,Male,45,Yes,2.0,Artist,Yes,5.0,Average,Solar,C
1951,Male,33,No,5.0,Healthcare,Yes,0.0,Low,Solar,D
1952,Female,40,No,2.0,Artist,Yes,8.0,Low,Solar,A
1953,Female,36,Yes,1.0,Marketing,Yes,5.0,Low,Solar,D
1954,Male,32,No,4.0,Engineer,No,0.0,Low,Solar,D
1955,Female,51,Yes,2.0,Artist,Yes,0.0,Low,Solar,C
1956,Female,49,No,1.0,Artist,Yes,0.0,Low,Solar,C
1957,Male,81,Yes,2.0,Lawyer,No,1.0,Low,Solar,A
1958,Male,72,Yes,4.0,Artist,Yes,1.0,Average,Solar,C
1959,Female,70,No,2.0,Artist,Yes,0.0,Low,Solar,C
1960,Male,21,No,3.0,Healthcare,No,0.0,Low,Biomass,D
1961,Male,21,No,5.0,Healthcare,No,1.0,Low,Hydro,D
1962,Female,41,Yes,4.0,Entertainment,No,4.0,Average,Hydro,A
1963,Female,49,No,1.0,Engineer,No,12.0,Low,Hydro,A
1964,Female,51,No,1.0,Entertainment,No,0.0,Low,Hydro,A
1965,Male,28,Yes,5.0,Healthcare,No,0.0,Average,Hydro,D
1966,Male,37,No,2.0,Healthcare,Yes,5.0,Low,Wind,D
1967,Female,63,Yes,3.0,Artist,Yes,1.0,Average,Wind,C
1968,Male,19,No,4.0,Healthcare,No,8.0,Low,Wind,D
1969,Female,32,No,3.0,Healthcare,No,1.0,Low,Hydro,D
1970,Female,51,Yes,1.0,Artist,No,6.0,Low,Solar,A
1971,Male,26,Yes,2.0,Entertainment,No,3.0,Low,Hydro,D
1972,Male,61,Yes,1.0,Artist,No,0.0,Low,Solar,A
1973,Female,51,Yes,4.0,Artist,Yes,0.0,Average,Solar,C
1974,Female,45,Yes,3.0,Artist,Yes,0.0,Average,Solar,C
1975,Male,29,Yes,2.0,Entertainment,Yes,1.0,High,Wind,A
1976,Male,47,Yes,5.0,Artist,No,0.0,Low,Wind,B
1977,Male,25,No,2.0,Doctor,Yes,1.0,Low,Wind,D
1978,Male,40,No,5.0,Marketing,No,0.0,Low,Hydro,D
1979,Male,45,No,1.0,Artist,Yes,1.0,Low,Hydro,A
1980,Male,32,Yes,2.0,Entertainment,Yes,1.0,Average,Hydro,A
1981,Male,38,Yes,3.0,Artist,Yes,0.0,Low,Tidal,A
1982,Female,38,No,2.0,Artist,Yes,8.0,Low,Wind,A
1983,Female,48,Yes,3.0,Engineer,Yes,7.0,Low,Wind,A
1984,Female,71,No,1.0,Doctor,Yes,0.0,Low,Solar,B
1985,Female,46,Yes,3.0,Artist,Yes,3.0,Low,Solar,C
1986,Female,46,Yes,2.0,Artist,Yes,9.0,Low,Solar,A
1987,Female,49,Yes,2.0,Artist,Yes,7.0,Low,Solar,B
1988,Male,43,Yes,3.0,Entertainment,No,0.0,Low,Hydro,A
1989,Female,38,No,4.0,Artist,Yes,6.0,Low,Hydro,A
1990,Male,25,No,4.0,Healthcare,Yes,8.0,Low,Solar,D
1991,Female,46,Yes,4.0,Engineer,Yes,0.0,Low,Tidal,A
1992,Female,28,No,3.0,Engineer,Yes,9.0,Low,Solar,A
1993,Female,41,No,4.0,Entertainment,Yes,5.0,Low,Solar,A
1994,Female,32,No,5.0,Artist,Yes,9.0,Low,Solar,C
1995,Female,21,No,4.0,Healthcare,No,0.0,Low,Wind,D
1996,Male,22,No,6.0,Healthcare,No,1.0,Low,Hydro,D
1997,Male,27,No,5.0,Healthcare,No,0.0,Low,Hydro,D
1998,Male,40,Yes,2.0,Artist,Yes,0.0,Average,Biomass,C
1999,Female,68,Yes,1.0,Engineer,No,0.0,Low,Hydro,A
2000,Female,25,No,7.0,Homemaker,No,1.0,Low,Hydro,D
2001,Male,28,No,4.0,Healthcare,No,1.0,Low,Hydro,D
2002,Male,28,No,8.0,Marketing,No,2.0,Low,Hydro,D
2003,Male,27,No,3.0,Entertainment,No,1.0,Low,Hydro,D
2004,Male,67,Yes,4.0,Entertainment,No,5.0,Average,Hydro,A
2005,Male,46,Yes,9.0,Executive,No,4.0,Low,Hydro,D
2006,Female,33,No,4.0,Entertainment,No,8.0,Low,Hydro,D
2007,Female,40,Yes,3.0,Doctor,Yes,6.0,Average,Hydro,B
2008,Female,48,Yes,7.0,Artist,No,5.0,Average,Hydro,C
2009,Male,42,Yes,5.0,Executive,No,0.0,High,Hydro,D
2010,Male,56,No,1.0,Artist,Yes,1.0,Low,Solar,A
2011,Female,51,No,1.0,Engineer,Yes,3.0,Low,Solar,A
2012,Female,27,No,1.0,Healthcare,Yes,0.0,Low,Not Interested,D
2013,Female,25,No,3.0,Doctor,Yes,7.0,Low,Hydro,D
2014,Female,51,Yes,2.0,Artist,No,9.0,High,Hydro,A
2015,Female,26,Yes,2.0,Healthcare,Yes,1.0,Average,Solar,C
2016,Female,35,No,1.0,Doctor,Yes,0.0,Low,Solar,A
2017,Female,25,Yes,3.0,Doctor,Yes,1.0,Low,Solar,A
2018,Male,30,No,3.0,Healthcare,No,6.0,Low,Solar,D
2019,Female,41,No,1.0,Healthcare,Yes,9.0,Low,Solar,D
2020,Male,42,Yes,3.0,Artist,Yes,6.0,Low,Solar,A
2021,Female,40,Yes,5.0,Artist,Yes,8.0,High,Solar,C
2022,Male,36,No,1.0,Entertainment,Yes,13.0,Low,Solar,A
2023,Female,39,No,1.0,Artist,Yes,9.0,Low,Solar,A
2024,Male,40,Yes,3.0,Executive,Yes,7.0,High,Solar,B
2025,Female,40,Yes,2.0,Engineer,Yes,1.0,Average,Solar,B
2026,Male,28,No,6.0,Artist,Yes,9.0,Low,Solar,C
2027,Female,31,No,2.0,Marketing,Yes,8.0,Low,Tidal,D
2028,Male,41,No,1.0,Artist,Yes,4.0,Low,Solar,A
2029,Female,28,No,5.0,Engineer,Yes,9.0,Low,Solar,D
2030,Male,30,No,1.0,Healthcare,Yes,1.0,Low,Solar,D
2031,Female,30,No,1.0,Healthcare,Yes,1.0,Low,Solar,D
2032,Female,38,No,2.0,Artist,Yes,9.0,Low,Solar,A
2033,Male,43,Yes,1.0,Artist,Yes,7.0,Low,Not Interested,A
2034,Male,29,No,1.0,Entertainment,Yes,9.0,Low,Solar,A
2035,Female,30,No,3.0,Healthcare,Yes,9.0,Low,Solar,D
2036,Male,27,Yes,2.0,Healthcare,Yes,0.0,Low,Solar,D
2037,Female,48,Yes,2.0,Artist,Yes,0.0,Average,Solar,C
2038,Female,51,No,1.0,Artist,Yes,1.0,Low,Solar,C
2039,Female,48,No,1.0,Marketing,Yes,0.0,Low,Solar,D
2040,Female,28,No,1.0,Marketing,Yes,9.0,Low,Solar,D
2041,Female,40,No,1.0,Artist,Yes,3.0,Low,Solar,A
2042,Male,51,Yes,2.0,Artist,Yes,1.0,Low,Solar,B
2043,Female,36,Yes,2.0,Marketing,No,8.0,Low,Solar,D
2044,Female,51,No,1.0,Marketing,Yes,9.0,Low,Solar,D
2045,Male,45,Yes,4.0,Executive,Yes,5.0,High,Hydro,B
2046,Male,40,No,1.0,Artist,Yes,8.0,Low,Solar,A
2047,Male,40,No,1.0,Artist,Yes,0.0,Low,Not Interested,A
2048,Male,41,Yes,2.0,Artist,Yes,2.0,Low,Solar,A
2049,Male,43,Yes,4.0,Entertainment,Yes,0.0,Average,Solar,C
2050,Male,21,Yes,3.0,Healthcare,No,1.0,Low,Solar,D
2051,Male,23,No,4.0,Healthcare,No,1.0,Low,Solar,D
2052,Female,31,No,3.0,Doctor,No,0.0,Low,Solar,D
2053,Female,42,Yes,2.0,Entertainment,Yes,6.0,Low,Solar,A
2054,Male,61,Yes,1.0,Artist,No,0.0,Low,Not Interested,A
2055,Female,45,Yes,1.0,Homemaker,Yes,0.0,Low,Wind,A
2056,Female,63,Yes,1.0,Artist,Yes,5.0,Low,Wind,B
2057,Male,86,Yes,1.0,Lawyer,No,0.0,Low,Solar,A
2058,Female,67,Yes,3.0,Engineer,No,1.0,High,Not Interested,B
2059,Male,71,Yes,3.0,Executive,No,1.0,High,Not Interested,B
2060,Female,43,Yes,2.0,Entertainment,No,14.0,Low,Wind,A
2061,Male,28,Yes,2.0,Entertainment,No,1.0,Low,Solar,D
2062,Male,47,Yes,2.0,Entertainment,No,0.0,Low,Solar,A
2063,Female,53,Yes,4.0,Artist,Yes,0.0,Average,Solar,C
2064,Female,36,Yes,2.0,Entertainment,No,1.0,Average,Hydro,A
2065,Male,35,Yes,2.0,Entertainment,No,1.0,Low,Hydro,A
2066,Female,48,Yes,4.0,Artist,Yes,1.0,High,Solar,C
2067,Female,60,Yes,3.0,Artist,Yes,3.0,Low,Hydro,B
2068,Female,45,Yes,1.0,Executive,No,1.0,Low,Solar,D
2069,Female,42,Yes,2.0,Engineer,No,0.0,Low,Solar,A
2070,Female,89,Yes,1.0,Lawyer,Yes,1.0,Low,Solar,A
2071,Female,23,No,2.0,Marketing,No,4.0,Low,Wind,D
2072,Male,46,Yes,1.0,Homemaker,Yes,11.0,Low,Wind,A
2073,Male,22,No,4.0,Artist,No,8.0,Low,Hydro,D
2074,Female,30,No,7.0,Healthcare,No,0.0,Low,Solar,D
2075,Male,58,Yes,2.0,Entertainment,Yes,0.0,Low,Solar,A
2076,Male,73,Yes,4.0,Artist,Yes,0.0,Average,Solar,C
2077,Female,71,Yes,1.0,Lawyer,Yes,0.0,Low,Solar,A
2078,Female,35,Yes,5.0,Engineer,No,0.0,Low,Solar,D
2079,Male,52,Yes,4.0,Entertainment,Yes,1.0,Average,Solar,C
2080,Male,84,Yes,2.0,Lawyer,Yes,0.0,Low,Solar,A
2081,Male,47,Yes,5.0,Entertainment,Yes,1.0,Average,Solar,C
2082,Male,39,Yes,2.0,Executive,No,0.0,Low,Solar,D
2083,Female,40,Yes,3.0,Engineer,No,0.0,Low,Hydro,A
2084,Female,46,No,1.0,Artist,Yes,1.0,Low,Solar,B
2085,Male,40,No,2.0,Artist,Yes,3.0,Low,Solar,A
2086,Female,27,No,6.0,Artist,No,1.0,Low,Solar,C
2087,Female,23,No,4.0,Healthcare,No,4.0,Low,Not Interested,D
2088,Female,21,No,2.0,Artist,Yes,1.0,Low,Solar,A
2089,Male,70,Yes,2.0,Lawyer,No,2.0,High,Solar,A
2090,Male,28,Yes,2.0,Entertainment,Yes,1.0,Low,Solar,A
2091,Female,58,Yes,4.0,Homemaker,Yes,1.0,Low,Solar,B
2092,Female,27,Yes,2.0,Entertainment,Yes,0.0,Average,Solar,B
2093,Female,49,Yes,5.0,Engineer,No,0.0,Average,Solar,B
2094,Female,37,Yes,3.0,Engineer,No,8.0,Average,Solar,A
2095,Male,39,Yes,4.0,Entertainment,No,1.0,Average,Solar,A
2096,Female,28,No,4.0,Doctor,No,2.0,Low,Solar,D
2097,Male,73,Yes,2.0,Entertainment,No,0.0,Average,Solar,B
2098,Female,51,Yes,5.0,Artist,Yes,1.0,Average,Wind,C
2099,Female,48,Yes,3.0,Doctor,Yes,8.0,Average,Biomass,C
2100,Male,72,Yes,2.0,Homemaker,Yes,9.0,Low,Solar,A
2101,Male,47,Yes,2.0,Artist,No,1.0,Average,Solar,C
2102,Female,67,Yes,1.0,Doctor,Yes,0.0,Low,Hydro,A
2103,Male,77,Yes,2.0,Lawyer,Yes,0.0,High,Hydro,A
2104,Male,46,Yes,3.0,Artist,Yes,3.0,Average,Solar,C
2105,Female,52,Yes,4.0,Artist,Yes,1.0,Average,Solar,C
2106,Male,67,Yes,1.0,Lawyer,No,1.0,Low,Solar,D
2107,Male,62,Yes,4.0,Doctor,Yes,0.0,Average,Solar,C
2108,Male,45,Yes,3.0,Doctor,Yes,8.0,Average,Hydro,A
2109,Male,40,Yes,5.0,Doctor,Yes,1.0,Average,Hydro,B
2110,Female,60,Yes,2.0,Artist,Yes,4.0,Average,Wind,C
2111,Female,37,Yes,4.0,Doctor,Yes,8.0,Average,Biomass,C
2112,Male,69,Yes,1.0,Executive,No,2.0,High,Solar,B
2113,Female,58,Yes,4.0,Artist,Yes,1.0,High,Solar,C
2114,Male,52,Yes,2.0,Artist,Yes,1.0,Low,Solar,B
2115,Male,20,No,5.0,Healthcare,No,2.0,Low,Solar,D
2116,Female,23,Yes,4.0,Healthcare,No,6.0,Low,Biomass,D
2117,Male,66,Yes,1.0,Artist,Yes,0.0,Low,Hydro,A
2118,Male,19,No,3.0,Healthcare,No,1.0,Low,Biomass,D
2119,Female,53,Yes,5.0,Artist,Yes,0.0,Average,Solar,C
2120,Female,59,Yes,1.0,Homemaker,Yes,6.0,Low,Solar,A
2121,Female,61,Yes,4.0,Artist,Yes,0.0,Average,Hydro,C
2122,Female,68,Yes,2.0,Engineer,Yes,1.0,Low,Hydro,A
2123,Male,20,No,3.0,Healthcare,No,1.0,Low,Hydro,D
2124,Male,20,No,4.0,Healthcare,No,1.0,Low,Biomass,D
2125,Female,49,Yes,4.0,Artist,Yes,0.0,Low,Biomass,B
2126,Male,19,No,3.0,Healthcare,No,1.0,Low,Biomass,D
2127,Female,27,No,4.0,Healthcare,No,1.0,Low,Solar,D
2128,Male,32,Yes,2.0,Artist,Yes,1.0,Low,Wind,A
2129,Female,67,Yes,3.0,Artist,Yes,0.0,Average,Hydro,C
2130,Male,27,No,3.0,Entertainment,No,1.0,Low,Biomass,D
2131,Male,72,Yes,2.0,Executive,Yes,0.0,Low,Solar,B
2132,Female,32,No,5.0,Doctor,No,1.0,Low,Hydro,D
2133,Female,28,No,2.0,Artist,No,0.0,Low,Wind,A
2134,Male,29,Yes,2.0,Healthcare,Yes,8.0,Low,Solar,D
2135,Female,19,No,5.0,Healthcare,No,1.0,Low,Biomass,D
2136,Female,52,Yes,5.0,Artist,Yes,1.0,Average,Biomass,C
2137,Female,47,Yes,2.0,Doctor,Yes,1.0,Average,Biomass,C
2138,Male,19,No,5.0,Healthcare,No,3.0,Low,Biomass,D
2139,Female,18,No,2.0,Healthcare,No,5.0,Low,Hydro,D
2140,Female,79,Yes,2.0,Lawyer,No,1.0,High,Solar,A
2141,Female,19,No,4.0,Healthcare,No,1.0,Low,Hydro,D
2142,Female,48,Yes,3.0,Artist,Yes,0.0,Low,Biomass,B
2143,Male,52,Yes,3.0,Artist,Yes,1.0,Average,Biomass,C
2144,Male,23,No,4.0,Healthcare,No,1.0,Low,Solar,D
2145,Female,58,Yes,1.0,Artist,Yes,1.0,Low,Hydro,A
2146,Female,69,Yes,1.0,Engineer,Yes,1.0,Low,Solar,A
2147,Male,37,Yes,1.0,Entertainment,Yes,4.0,Low,Solar,A
2148,Female,30,No,3.0,Healthcare,No,0.0,Low,Solar,D
2149,Female,25,Yes,4.0,Healthcare,No,0.0,Low,Solar,D
2150,Female,39,No,2.0,Engineer,Yes,8.0,Low,Hydro,A
2151,Male,43,Yes,2.0,Entertainment,Yes,3.0,Low,Hydro,A
2152,Female,32,No,1.0,Engineer,No,0.0,Low,Hydro,A
2153,Male,23,No,5.0,Healthcare,No,0.0,Low,Wind,D
2154,Female,30,No,3.0,Healthcare,No,1.0,Low,Hydro,D
2155,Female,41,Yes,2.0,Engineer,No,1.0,Low,Hydro,A
2156,Male,49,Yes,2.0,Artist,Yes,1.0,Average,Geothermal,C
2157,Male,66,Yes,3.0,Executive,No,6.0,Low,Hydro,A
2158,Female,67,Yes,2.0,Doctor,Yes,1.0,Low,Solar,B
2159,Male,30,No,2.0,Healthcare,Yes,0.0,Low,Solar,D
2160,Female,39,No,1.0,Doctor,Yes,6.0,Low,Biomass,A
2161,Female,52,Yes,4.0,Artist,Yes,0.0,Low,Biomass,B
2162,Female,57,Yes,5.0,Artist,Yes,0.0,Average,Solar,C
2163,Male,63,Yes,1.0,Executive,Yes,1.0,High,Solar,B
2164,Female,52,Yes,3.0,Homemaker,No,4.0,High,Solar,B
2165,Male,61,Yes,2.0,Artist,Yes,8.0,Average,Solar,C
2166,Male,35,Yes,2.0,Entertainment,Yes,7.0,Low,Solar,A
2167,Male,52,Yes,2.0,Artist,Yes,4.0,Average,Solar,C
2168,Female,45,Yes,2.0,Engineer,Yes,2.0,High,Hydro,A
2169,Male,37,Yes,2.0,Entertainment,Yes,8.0,Average,Solar,A
2170,Female,45,Yes,2.0,Engineer,Yes,1.0,Average,Solar,B
2171,Female,55,Yes,2.0,Engineer,Yes,0.0,Average,Solar,B
2172,Female,49,Yes,2.0,Engineer,Yes,4.0,Average,Wind,B
2173,Female,42,Yes,6.0,Entertainment,No,1.0,Low,Wind,A
2174,Female,39,Yes,2.0,Doctor,Yes,3.0,High,Hydro,A
2175,Male,18,No,3.0,Healthcare,No,0.0,Low,Wind,D
2176,Male,43,Yes,3.0,Artist,No,1.0,Average,Wind,C
2177,Male,50,Yes,4.0,Executive,No,1.0,Average,Solar,C
2178,Male,37,Yes,4.0,Artist,Yes,1.0,Average,Solar,C
2179,Female,37,No,1.0,Engineer,Yes,1.0,Low,Solar,A
2180,Male,63,Yes,3.0,Entertainment,Yes,0.0,Low,Solar,A
2181,Male,83,Yes,2.0,Lawyer,Yes,1.0,Low,Wind,A
2182,Male,55,Yes,3.0,Artist,Yes,1.0,Average,Wind,C
2183,Male,71,Yes,3.0,Artist,Yes,1.0,Low,Solar,C
2184,Male,87,Yes,1.0,Lawyer,No,1.0,Low,Hydro,A
2185,Female,49,Yes,5.0,Entertainment,Yes,2.0,Average,Wind,C
2186,Male,27,Yes,4.0,Doctor,No,0.0,Low,Hydro,D
2187,Female,25,Yes,4.0,Marketing,No,1.0,Low,Hydro,D
2188,Male,42,Yes,2.0,Healthcare,No,0.0,Low,Wind,D
2189,Female,66,Yes,2.0,Artist,Yes,4.0,Low,Solar,C
2190,Female,32,No,1.0,Healthcare,Yes,1.0,Low,Solar,D
2191,Female,32,Yes,2.0,Doctor,Yes,4.0,Low,Solar,A
2192,Female,37,Yes,1.0,Doctor,No,8.0,Low,Biomass,A
2193,Female,62,Yes,5.0,Lawyer,Yes,9.0,Low,Solar,D
2194,Female,33,No,4.0,Healthcare,Yes,3.0,Low,Hydro,D
2195,Female,45,Yes,2.0,Homemaker,Yes,2.0,Average,Wind,B
2196,Female,18,Yes,5.0,Healthcare,No,5.0,Low,Wind,D
2197,Female,37,Yes,3.0,Artist,Yes,0.0,Average,Wind,C
2198,Male,30,No,4.0,Doctor,Yes,4.0,Low,Wind,D
2199,Male,31,No,3.0,Entertainment,Yes,5.0,Low,Solar,A
2200,Female,48,Yes,4.0,Artist,Yes,0.0,Average,Wind,C
2201,Male,31,No,1.0,Healthcare,Yes,1.0,Low,Wind,D
2202,Female,36,Yes,2.0,Doctor,Yes,8.0,Low,Hydro,A
2203,Male,61,Yes,6.0,Entertainment,Yes,0.0,Average,Solar,C
2204,Female,83,Yes,2.0,Lawyer,No,0.0,High,Solar,B
2205,Male,77,Yes,2.0,Lawyer,No,1.0,High,Solar,A
2206,Female,46,Yes,3.0,Artist,Yes,3.0,High,Hydro,B
2207,Male,48,Yes,3.0,Engineer,Yes,0.0,Average,Wind,B
2208,Male,19,No,5.0,Healthcare,No,0.0,Low,Wind,D
2209,Male,21,No,3.0,Healthcare,No,1.0,Low,Solar,D
2210,Female,40,No,1.0,Engineer,No,1.0,Low,Solar,A
2211,Male,27,No,5.0,Healthcare,No,0.0,Low,Biomass,D
2212,Female,49,Yes,1.0,Marketing,No,0.0,Low,Geothermal,D
2213,Male,19,No,4.0,Healthcare,No,1.0,Low,Solar,D
2214,Female,53,No,1.0,Entertainment,Yes,1.0,Low,Solar,A
2215,Male,29,No,1.0,Artist,Yes,8.0,Low,Solar,A
2216,Male,23,No,4.0,Healthcare,No,3.0,Low,Hydro,D
2217,Male,84,Yes,2.0,Lawyer,Yes,1.0,High,Solar,C
2218,Male,38,No,4.0,Entertainment,Yes,0.0,Low,Solar,A
2219,Male,26,No,2.0,Doctor,Yes,11.0,Low,Not Interested,D
2220,Female,19,No,4.0,Healthcare,No,1.0,Low,Biomass,D
2221,Female,22,Yes,4.0,Healthcare,No,1.0,Low,Solar,D
2222,Male,20,Yes,2.0,Entertainment,No,0.0,Low,Solar,D
2223,Male,36,Yes,3.0,Healthcare,Yes,0.0,Low,Solar,D
2224,Male,18,No,3.0,Healthcare,No,1.0,Low,Solar,D
2225,Female,20,No,4.0,Healthcare,No,7.0,Low,Solar,D
2226,Female,18,No,4.0,Marketing,No,1.0,Low,Solar,D
2227,Male,32,Yes,2.0,Artist,No,7.0,Average,Solar,C
2228,Female,18,No,4.0,Healthcare,No,0.0,Low,Solar,D
2229,Male,18,No,2.0,Healthcare,No,0.0,Low,Solar,D
2230,Female,21,No,4.0,Healthcare,No,8.0,Low,Solar,D
2231,Female,75,Yes,2.0,Artist,Yes,1.0,High,Solar,C
2232,Male,37,Yes,2.0,Engineer,Yes,0.0,Average,Solar,B
2233,Female,35,Yes,3.0,Engineer,Yes,1.0,Low,Wind,A
2234,Male,20,No,3.0,Healthcare,No,9.0,Low,Solar,D
2235,Male,58,Yes,4.0,Entertainment,Yes,2.0,Average,Wind,C
2236,Male,33,No,4.0,Healthcare,No,8.0,Low,Solar,D
2237,Male,58,Yes,3.0,Artist,Yes,0.0,Low,Solar,C
2238,Male,20,No,5.0,Healthcare,No,1.0,Low,Solar,D
2239,Male,50,Yes,2.0,Artist,Yes,4.0,Average,Solar,C
2240,Female,51,No,2.0,Homemaker,Yes,0.0,Low,Solar,A
2241,Female,27,No,3.0,Healthcare,No,8.0,Low,Hydro,D
2242,Female,58,Yes,2.0,Doctor,Yes,1.0,Average,Solar,C
2243,Male,62,Yes,2.0,Executive,No,1.0,Low,Solar,A
2244,Male,79,Yes,2.0,Marketing,Yes,0.0,High,Solar,C
2245,Female,19,No,4.0,Healthcare,No,1.0,Low,Solar,D
2246,Female,33,No,2.0,Engineer,No,0.0,Low,Hydro,A
2247,Male,36,Yes,2.0,Artist,Yes,1.0,Average,Solar,C
2248,Female,29,Yes,2.0,Healthcare,Yes,1.0,Low,Solar,D
2249,Female,28,Yes,3.0,Healthcare,No,3.0,Low,Biomass,D
2250,Female,22,No,4.0,Healthcare,No,0.0,Low,Solar,D
2251,Male,21,No,3.0,Healthcare,No,1.0,Low,Solar,D
2252,Male,22,No,3.0,Healthcare,No,0.0,Low,Hydro,D
2253,Male,28,No,3.0,Artist,Yes,9.0,Low,Solar,A
2254,Female,48,Yes,4.0,Artist,Yes,3.0,Average,Solar,C
2255,Male,48,Yes,2.0,Doctor,Yes,3.0,Average,Solar,C
2256,Male,66,Yes,3.0,Lawyer,No,0.0,Low,Solar,D
2257,Female,47,Yes,4.0,Homemaker,Yes,1.0,Low,Solar,B
2258,Female,68,Yes,4.0,Artist,Yes,1.0,High,Solar,C
2259,Male,73,Yes,2.0,Executive,Yes,0.0,High,Solar,C
2260,Female,59,Yes,1.0,Lawyer,No,0.0,Low,Biomass,A
2261,Male,38,Yes,2.0,Doctor,Yes,7.0,Average,Solar,C
2262,Female,76,Yes,2.0,Lawyer,No,1.0,High,Solar,A
2263,Female,40,Yes,2.0,Engineer,Yes,3.0,Low,Hydro,A
2264,Female,49,Yes,2.0,Engineer,Yes,0.0,High,Hydro,A
2265,Female,33,No,2.0,Homemaker,No,0.0,Low,Hydro,D
2266,Male,18,No,2.0,Healthcare,No,1.0,Low,Solar,D
2267,Female,69,Yes,2.0,Lawyer,Yes,0.0,High,Solar,C
2268,Male,22,No,5.0,Healthcare,Yes,1.0,Low,Wind,D
2269,Female,18,No,3.0,Healthcare,Yes,0.0,Low,Wind,D
2270,Female,20,No,4.0,Healthcare,Yes,1.0,Low,Solar,D
2271,Male,36,Yes,1.0,Healthcare,Yes,1.0,Low,Solar,D
2272,Female,67,Yes,2.0,Artist,Yes,0.0,Average,Wind,C
2273,Female,37,Yes,3.0,Artist,Yes,1.0,Average,Solar,C
2274,Female,26,No,2.0,Healthcare,No,2.0,Low,Solar,D
2275,Male,51,Yes,4.0,Doctor,Yes,1.0,Average,Solar,C
2276,Female,67,Yes,2.0,Lawyer,Yes,1.0,Low,Solar,A
2277,Female,29,No,4.0,Entertainment,Yes,1.0,Low,Solar,A
2278,Female,76,Yes,2.0,Lawyer,Yes,0.0,Low,Solar,A
2279,Male,86,Yes,1.0,Lawyer,Yes,0.0,Low,Solar,A
2280,Female,51,Yes,2.0,Homemaker,Yes,9.0,Average,Solar,B
2281,Male,35,Yes,2.0,Entertainment,Yes,1.0,Low,Wind,A
2282,Male,30,No,2.0,Doctor,No,3.0,Low,Solar,D
2283,Male,47,Yes,2.0,Doctor,Yes,0.0,Average,Wind,C
2284,Male,81,Yes,1.0,Lawyer,No,0.0,Low,Solar,A
2285,Female,85,Yes,1.0,Lawyer,No,0.0,Low,Solar,A
2286,Male,60,Yes,5.0,Entertainment,Yes,1.0,Average,Solar,C
2287,Female,21,No,3.0,Healthcare,No,2.0,Low,Solar,D
2288,Female,40,Yes,1.0,Engineer,Yes,0.0,Low,Solar,A
2289,Female,35,Yes,1.0,Homemaker,Yes,4.0,Low,Wind,A
2290,Female,35,Yes,1.0,Healthcare,Yes,0.0,Low,Hydro,D
2291,Female,41,No,1.0,Engineer,No,1.0,Low,Solar,A
2292,Male,18,No,3.0,Healthcare,No,0.0,Low,Solar,D
2293,Male,22,No,2.0,Healthcare,No,0.0,Low,Hydro,D
2294,Male,61,Yes,2.0,Artist,Yes,0.0,Low,Solar,B
2295,Male,23,No,3.0,Healthcare,No,0.0,Low,Solar,D
2296,Male,31,No,5.0,Healthcare,No,1.0,Low,Hydro,D
2297,Male,82,Yes,2.0,Lawyer,Yes,0.0,High,Solar,C
2298,Male,84,Yes,2.0,Executive,No,1.0,High,Solar,B
2299,Male,41,Yes,2.0,Entertainment,Yes,1.0,Low,Solar,A
2300,Female,66,Yes,2.0,Artist,Yes,0.0,Average,Hydro,B
2301,Male,57,Yes,2.0,Artist,Yes,5.0,Low,Solar,B
2302,Male,20,No,4.0,Healthcare,No,3.0,Low,Biomass,D
2303,Female,32,No,1.0,Homemaker,No,14.0,Low,Solar,D
2304,Female,29,No,1.0,Homemaker,No,11.0,Low,Solar,D
2305,Male,36,Yes,4.0,Executive,Yes,1.0,High,Solar,C
2306,Male,38,Yes,3.0,Entertainment,Yes,1.0,Average,Solar,C
2307,Female,43,Yes,1.0,Doctor,No,1.0,Low,Solar,A
2308,Female,42,No,1.0,Marketing,No,1.0,Low,Solar,D
2309,Female,48,Yes,1.0,Homemaker,No,8.0,Low,Solar,D
2310,Male,62,Yes,1.0,Artist,Yes,0.0,Low,Solar,B
2311,Male,63,No,2.0,Artist,Yes,0.0,Low,Solar,C
2312,Male,60,Yes,2.0,Entertainment,Yes,1.0,Low,Solar,A
2313,Male,63,Yes,2.0,Artist,Yes,1.0,Low,Solar,B
2314,Male,62,Yes,1.0,Entertainment,Yes,9.0,Low,Solar,A
2315,Male,40,Yes,2.0,Executive,No,4.0,Low,Solar,D
2316,Male,63,Yes,1.0,Artist,Yes,0.0,Average,Solar,C
2317,Male,19,No,4.0,Healthcare,No,6.0,Low,Wind,D
2318,Female,21,No,1.0,Homemaker,No,8.0,Low,Solar,D
2319,Male,21,No,2.0,Healthcare,No,1.0,Low,Solar,D
2320,Male,22,No,5.0,Engineer,No,6.0,Low,Biomass,D
2321,Male,60,Yes,3.0,Lawyer,No,1.0,High,Solar,D
2322,Male,59,Yes,1.0,Artist,Yes,8.0,Low,Solar,A
2323,Male,73,Yes,2.0,Lawyer,No,1.0,High,Solar,A
2324,Female,52,Yes,3.0,Artist,Yes,0.0,High,Solar,C
2325,Female,66,Yes,2.0,Doctor,No,9.0,Average,Solar,C
2326,Male,61,Yes,4.0,Entertainment,No,1.0,Low,Wind,A
2327,Female,61,Yes,1.0,Artist,Yes,1.0,Low,Solar,B
2328,Female,61,Yes,2.0,Artist,Yes,2.0,Average,Solar,C
2329,Male,59,Yes,2.0,Entertainment,Yes,1.0,Average,Solar,C
2330,Male,51,Yes,1.0,Artist,Yes,1.0,Low,Solar,B
2331,Female,36,Yes,2.0,Homemaker,Yes,9.0,Low,Hydro,A
2332,Male,71,No,3.0,Executive,Yes,9.0,Low,Solar,C
2333,Male,48,Yes,2.0,Artist,Yes,1.0,Average,Solar,C
2334,Male,43,Yes,2.0,Entertainment,Yes,9.0,Average,Solar,A
2335,Female,36,No,1.0,Artist,Yes,9.0,Low,Solar,A
2336,Female,57,Yes,3.0,Artist,No,1.0,Average,Solar,C
2337,Male,33,No,3.0,Healthcare,Yes,1.0,Low,Solar,D
2338,Female,31,No,6.0,Artist,Yes,1.0,Low,Hydro,B
2339,Male,57,Yes,3.0,Artist,Yes,1.0,Average,Solar,C
2340,Female,33,No,4.0,Homemaker,No,2.0,Low,Wind,D
2341,Male,30,No,5.0,Artist,Yes,1.0,Low,Solar,C
2342,Male,26,Yes,2.0,Doctor,No,8.0,Average,Solar,D
2343,Female,29,No,3.0,Engineer,No,1.0,Low,Solar,D
2344,Female,42,No,1.0,Marketing,Yes,0.0,Low,Not Interested,D
2345,Female,30,No,5.0,Doctor,No,0.0,Low,Wind,D
2346,Female,18,No,5.0,Engineer,No,1.0,Low,Biomass,D
2347,Male,18,No,4.0,Healthcare,No,5.0,Low,Solar,D
2348,Male,80,Yes,2.0,Executive,No,0.0,High,Solar,B
2349,Male,35,No,2.0,Engineer,No,7.0,Low,Solar,D
2350,Male,45,Yes,2.0,Entertainment,Yes,1.0,Average,Solar,B
2351,Male,42,No,1.0,Engineer,Yes,8.0,Low,Solar,A
2352,Female,26,Yes,2.0,Healthcare,No,1.0,High,Not Interested,D
2353,Male,38,Yes,2.0,Artist,Yes,1.0,Low,Solar,A
2354,Male,41,Yes,7.0,Artist,Yes,1.0,Average,Solar,C
2355,Male,45,No,2.0,Entertainment,Yes,1.0,Low,Solar,A
2356,Male,57,Yes,1.0,Artist,Yes,1.0,Low,Wind,B
2357,Female,33,No,4.0,Healthcare,Yes,5.0,Low,Solar,D
2358,Female,51,Yes,2.0,Artist,Yes,8.0,Average,Solar,C
2359,Male,85,Yes,2.0,Executive,No,1.0,Low,Solar,B
2360,Female,30,No,3.0,Entertainment,No,0.0,Low,Solar,D
2361,Male,38,Yes,3.0,Engineer,Yes,1.0,Average,Hydro,A
2362,Male,66,Yes,1.0,Artist,Yes,1.0,Low,Solar,B
2363,Male,40,No,2.0,Artist,Yes,0.0,Low,Biomass,B
2364,Male,83,Yes,1.0,Lawyer,Yes,1.0,Low,Solar,A
2365,Male,61,Yes,3.0,Marketing,Yes,1.0,Average,Solar,C
2366,Male,65,Yes,2.0,Executive,Yes,1.0,High,Solar,C
2367,Male,37,Yes,4.0,Marketing,No,0.0,High,Not Interested,D
2368,Male,47,Yes,2.0,Doctor,Yes,0.0,Low,Solar,A
2369,Male,51,Yes,4.0,Entertainment,No,1.0,Average,Wind,B
2370,Male,73,Yes,1.0,Lawyer,No,1.0,Low,Solar,D
2371,Female,49,Yes,3.0,Marketing,No,1.0,Average,Hydro,D
2372,Female,73,Yes,2.0,Engineer,Yes,0.0,Low,Solar,B
2373,Male,37,Yes,4.0,Entertainment,No,1.0,Average,Hydro,A
2374,Female,55,Yes,1.0,Engineer,Yes,0.0,Low,Solar,A
2375,Female,32,No,1.0,Homemaker,No,12.0,Low,Solar,D
2376,Female,28,No,3.0,Artist,Yes,0.0,Low,Solar,C
2377,Female,50,No,3.0,Lawyer,No,0.0,Low,Solar,D
2378,Male,38,Yes,2.0,Entertainment,Yes,1.0,Low,Solar,A
2379,Female,28,No,1.0,Homemaker,No,8.0,Low,Solar,D
2380,Male,46,No,1.0,Entertainment,Yes,1.0,Low,Solar,A
2381,Female,47,Yes,2.0,Artist,Yes,0.0,Low,Solar,B
2382,Male,39,Yes,6.0,Executive,Yes,8.0,High,Not Interested,C
2383,Female,26,No,2.0,Healthcare,No,1.0,Low,Solar,D
2384,Female,37,Yes,2.0,Homemaker,Yes,9.0,High,Solar,A
2385,Male,43,Yes,2.0,Artist,No,1.0,Average,Wind,B
2386,Female,27,No,1.0,Homemaker,No,1.0,Low,Solar,D
2387,Male,69,Yes,2.0,Artist,Yes,1.0,Average,Wind,C
2388,Male,47,Yes,2.0,Artist,Yes,9.0,Average,Tidal,C
2389,Male,36,No,2.0,Artist,Yes,9.0,Low,Solar,A
2390,Male,43,Yes,3.0,Healthcare,Yes,1.0,Low,Wind,D
2391,Male,42,Yes,4.0,Entertainment,Yes,3.0,Average,Solar,C
2392,Male,29,No,3.0,Artist,Yes,0.0,Low,Solar,A
2393,Female,45,Yes,4.0,Artist,Yes,1.0,High,Solar,C
2394,Male,88,Yes,2.0,Artist,Yes,1.0,Low,Solar,C
2395,Female,33,No,5.0,Engineer,Yes,1.0,Low,Not Interested,A
2396,Male,18,Yes,4.0,Doctor,No,0.0,Low,Solar,D
2397,Female,41,Yes,2.0,Homemaker,Yes,1.0,High,Solar,B
2398,Female,28,No,3.0,Doctor,Yes,1.0,Low,Solar,A
2399,Female,30,No,1.0,Entertainment,Yes,0.0,Low,Solar,A
2400,Female,79,Yes,2.0,Lawyer,Yes,1.0,High,Solar,C
2401,Female,27,No,1.0,Artist,Yes,8.0,Low,Solar,A
2402,Female,53,Yes,4.0,Engineer,Yes,0.0,Average,Solar,C
2403,Female,43,No,1.0,Artist,Yes,14.0,Low,Hydro,A
2404,Male,19,No,4.0,Healthcare,No,1.0,Low,Solar,D
2405,Male,26,No,2.0,Entertainment,No,1.0,Low,Solar,D
2406,Female,67,No,2.0,Artist,No,1.0,Low,Solar,B
2407,Female,32,No,2.0,Artist,Yes,1.0,Low,Geothermal,B
2408,Female,26,No,4.0,Doctor,No,7.0,Low,Solar,D
2409,Female,29,No,3.0,Engineer,No,0.0,Low,Solar,D
2410,Female,33,No,1.0,Artist,Yes,9.0,Low,Solar,A
2411,Male,22,No,3.0,Doctor,No,0.0,Low,Solar,D
2412,Female,27,No,2.0,Engineer,No,0.0,Low,Solar,D
2413,Male,30,No,4.0,Healthcare,No,1.0,Low,Biomass,D
2414,Male,25,No,4.0,Doctor,No,8.0,Low,Solar,D
2415,Female,32,No,1.0,Marketing,No,1.0,Low,Hydro,D
2416,Male,85,Yes,1.0,Lawyer,Yes,1.0,Low,Solar,A
2417,Male,29,No,2.0,Healthcare,Yes,1.0,Low,Solar,D
2418,Male,56,Yes,4.0,Lawyer,Yes,0.0,Low,Solar,D
2419,Male,52,Yes,3.0,Artist,Yes,0.0,Average,Biomass,C
2420,Female,25,No,5.0,Healthcare,No,1.0,Low,Solar,D
2421,Female,65,Yes,2.0,Artist,Yes,1.0,Average,Wind,C
2422,Female,49,Yes,1.0,Artist,Yes,1.0,Low,Solar,B
2423,Female,73,Yes,2.0,Lawyer,No,1.0,Low,Solar,A
2424,Male,36,Yes,2.0,Doctor,Yes,2.0,Average,Solar,C
2425,Female,36,No,1.0,Engineer,Yes,4.0,Low,Not Interested,A
2426,Male,71,Yes,3.0,Lawyer,Yes,1.0,High,Solar,C
2427,Female,55,Yes,2.0,Artist,Yes,0.0,Low,Solar,C
2428,Male,35,Yes,2.0,Entertainment,Yes,1.0,Average,Solar,B
2429,Male,41,Yes,2.0,Artist,No,0.0,Average,Solar,C
2430,Male,42,No,1.0,Artist,Yes,1.0,Low,Biomass,A
2431,Male,35,Yes,2.0,Doctor,Yes,1.0,Low,Solar,A
2432,Female,48,Yes,2.0,Artist,Yes,1.0,Average,Tidal,C
2433,Female,73,Yes,2.0,Lawyer,Yes,1.0,High,Solar,C
2434,Female,40,No,1.0,Doctor,Yes,1.0,Low,Solar,A
2435,Female,29,No,6.0,Healthcare,Yes,3.0,Low,Solar,D
2436,Male,62,Yes,3.0,Artist,Yes,1.0,Average,Solar,C
2437,Male,89,Yes,2.0,Lawyer,Yes,0.0,Low,Solar,A
2438,Male,86,Yes,1.0,Lawyer,Yes,0.0,Low,Solar,A
2439,Male,38,Yes,3.0,Artist,Yes,0.0,Average,Solar,C
2440,Male,45,Yes,4.0,Executive,Yes,0.0,High,Solar,C
2441,Male,26,No,4.0,Healthcare,No,0.0,Low,Solar,D
2442,Male,55,Yes,2.0,Artist,Yes,1.0,Low,Solar,B
2443,Female,52,Yes,5.0,Artist,Yes,1.0,Average,Solar,C
2444,Male,43,Yes,2.0,Artist,Yes,5.0,Average,Solar,C
2445,Male,35,No,1.0,Artist,Yes,1.0,Low,Solar,A
2446,Male,73,Yes,2.0,Lawyer,Yes,1.0,Low,Solar,A
2447,Male,41,No,3.0,Artist,Yes,4.0,Low,Solar,C
2448,Male,27,No,1.0,Healthcare,Yes,1.0,Low,Solar,D
2449,Male,35,Yes,3.0,Entertainment,Yes,6.0,Low,Solar,A
2450,Female,63,Yes,2.0,Artist,Yes,0.0,Average,Solar,C
2451,Male,41,No,1.0,Artist,Yes,1.0,Low,Solar,A
2452,Male,53,No,2.0,Artist,No,1.0,Low,Hydro,A
2453,Male,42,No,2.0,Engineer,No,0.0,Low,Solar,D
2454,Female,46,Yes,4.0,Artist,Yes,0.0,Average,Solar,C
2455,Male,38,Yes,2.0,Entertainment,No,0.0,Low,Solar,A
2456,Male,25,Yes,3.0,Doctor,Yes,1.0,Low,Solar,D
2457,Female,40,Yes,3.0,Artist,Yes,7.0,Average,Hydro,B
2458,Female,55,Yes,2.0,Lawyer,Yes,1.0,Low,Solar,A
2459,Female,29,No,1.0,Healthcare,Yes,0.0,Low,Solar,D
2460,Female,39,Yes,1.0,Artist,Yes,2.0,Low,Solar,A
2461,Male,50,Yes,3.0,Doctor,No,1.0,Average,Solar,C
2462,Female,61,Yes,2.0,Artist,Yes,1.0,Average,Solar,C
2463,Male,56,Yes,1.0,Artist,Yes,0.0,Low,Solar,B
2464,Male,40,No,3.0,Entertainment,Yes,1.0,Low,Tidal,A
2465,Female,86,Yes,2.0,Lawyer,Yes,0.0,High,Solar,C
2466,Male,27,No,3.0,Entertainment,No,5.0,Low,Solar,D
2467,Male,35,No,1.0,Artist,Yes,1.0,Low,Solar,A
2468,Male,56,Yes,2.0,Artist,Yes,1.0,Average,Solar,C
2469,Female,36,Yes,2.0,Artist,Yes,1.0,Low,Solar,B
2470,Male,32,Yes,2.0,Doctor,No,9.0,Low,Biomass,D
2471,Female,85,Yes,2.0,Lawyer,Yes,1.0,Low,Solar,A
2472,Female,51,Yes,1.0,Artist,Yes,0.0,Low,Tidal,B
2473,Female,41,No,2.0,Artist,Yes,8.0,Low,Solar,A
2474,Male,42,Yes,4.0,Executive,No,5.0,High,Solar,D
2475,Female,30,No,6.0,Marketing,Yes,0.0,Low,Solar,D
2476,Male,42,Yes,5.0,Executive,Yes,1.0,High,Solar,C
2477,Female,42,Yes,3.0,Artist,Yes,9.0,Average,Solar,C
2478,Female,25,No,5.0,Healthcare,No,1.0,Low,Not Interested,D
2479,Male,60,Yes,4.0,Executive,Yes,4.0,High,Solar,C
2480,Male,18,No,5.0,Healthcare,No,2.0,Low,Solar,D
2481,Male,36,Yes,4.0,Executive,Yes,0.0,Average,Solar,C
2482,Male,49,Yes,2.0,Artist,Yes,0.0,Average,Solar,C
2483,Male,42,Yes,3.0,Executive,Yes,1.0,High,Solar,C
2484,Male,42,Yes,5.0,Artist,No,1.0,Average,Hydro,B
2485,Female,39,Yes,2.0,Entertainment,Yes,1.0,Average,Biomass,B
2486,Female,62,Yes,2.0,Doctor,Yes,1.0,Low,Not Interested,A
2487,Male,47,Yes,4.0,Executive,Yes,0.0,High,Solar,C
2488,Male,39,Yes,3.0,Artist,Yes,1.0,Low,Solar,B
2489,Female,25,Yes,2.0,Artist,Yes,3.0,High,Solar,C
2490,Female,27,No,4.0,Artist,Yes,1.0,Low,Solar,C
2491,Female,31,Yes,4.0,Doctor,No,0.0,Low,Solar,D
2492,Male,36,Yes,4.0,Artist,Yes,0.0,Low,Solar,C
2493,Male,51,Yes,3.0,Entertainment,Yes,3.0,Low,Solar,A
2494,Male,63,Yes,1.0,Entertainment,Yes,1.0,Low,Solar,A
2495,Male,40,No,4.0,Artist,Yes,1.0,Low,Solar,C
2496,Male,22,No,2.0,Doctor,No,1.0,Low,Solar,D
2497,Male,52,Yes,1.0,Artist,Yes,9.0,Low,Solar,A
2498,Male,89,Yes,1.0,Lawyer,Yes,4.0,Low,Solar,A
2499,Female,65,Yes,3.0,Lawyer,No,1.0,High,Solar,A
2500,Male,48,Yes,4.0,Artist,Yes,1.0,Average,Not Interested,C
2501,Male,48,Yes,4.0,Healthcare,Yes,1.0,Average,Solar,C
2502,Male,31,No,1.0,Healthcare,Yes,8.0,Low,Solar,D
2503,Female,62,Yes,2.0,Artist,Yes,1.0,Average,Solar,C
2504,Male,58,Yes,4.0,Executive,Yes,0.0,Average,Solar,C
2505,Male,60,Yes,3.0,Artist,Yes,0.0,Low,Solar,C
2506,Male,19,No,4.0,Healthcare,No,1.0,Low,Solar,D
2507,Male,18,No,2.0,Healthcare,No,14.0,Low,Solar,D
2508,Male,48,Yes,3.0,Doctor,Yes,1.0,Average,Solar,C
2509,Male,35,No,1.0,Doctor,Yes,5.0,Low,Solar,A
2510,Male,27,No,3.0,Doctor,Yes,1.0,Low,Solar,D
2511,Male,60,Yes,4.0,Artist,Yes,0.0,Average,Solar,C
2512,Male,32,No,1.0,Entertainment,No,0.0,Low,Solar,D
2513,Male,40,Yes,2.0,Entertainment,Yes,7.0,Low,Solar,A
2514,Female,25,No,1.0,Healthcare,Yes,0.0,Low,Solar,D
2515,Male,42,Yes,5.0,Artist,No,1.0,Low,Wind,A
2516,Male,26,No,8.0,Healthcare,No,8.0,Low,Hydro,D
2517,Male,27,No,1.0,Engineer,Yes,6.0,Low,Solar,A
2518,Male,42,No,4.0,Artist,No,2.0,Low,Solar,A
2519,Female,77,Yes,1.0,Lawyer,Yes,4.0,Low,Solar,A
2520,Male,70,Yes,2.0,Executive,Yes,0.0,Low,Not Interested,B
2521,Male,36,Yes,2.0,Artist,No,4.0,Average,Solar,C
2522,Male,57,Yes,3.0,Lawyer,Yes,6.0,Low,Solar,D
2523,Male,76,Yes,1.0,Lawyer,Yes,1.0,Low,Solar,A
2524,Male,77,Yes,2.0,Artist,Yes,0.0,High,Solar,C
2525,Male,52,Yes,1.0,Artist,Yes,1.0,Low,Solar,B
2526,Female,35,No,1.0,Artist,Yes,9.0,Low,Solar,A
2527,Male,43,Yes,2.0,Doctor,Yes,9.0,Average,Solar,C
2528,Male,43,No,1.0,Artist,Yes,14.0,Low,Wind,A
2529,Female,62,Yes,4.0,Artist,Yes,1.0,High,Solar,C
2530,Male,21,No,4.0,Healthcare,No,0.0,Low,Wind,D
2531,Male,23,No,4.0,Healthcare,No,0.0,Low,Wind,D
2532,Male,65,Yes,2.0,Entertainment,Yes,0.0,Average,Solar,C
2533,Male,35,Yes,4.0,Executive,Yes,4.0,High,Solar,C
2534,Male,48,Yes,3.0,Executive,Yes,4.0,High,Solar,C
2535,Male,33,Yes,2.0,Doctor,No,9.0,Low,Solar,D
2536,Male,82,Yes,2.0,Lawyer,No,1.0,High,Solar,A
2537,Male,45,Yes,4.0,Executive,No,1.0,High,Solar,B
2538,Male,56,No,2.0,Marketing,No,1.0,Low,Solar,D
2539,Female,49,Yes,4.0,Artist,Yes,1.0,Average,Biomass,C
2540,Male,30,Yes,3.0,Healthcare,Yes,8.0,High,Biomass,D
2541,Male,37,No,3.0,Healthcare,Yes,8.0,Low,Biomass,D
2542,Male,51,Yes,6.0,Marketing,No,0.0,High,Hydro,D
2543,Male,59,Yes,5.0,Entertainment,Yes,5.0,High,Solar,C
2544,Male,56,Yes,2.0,Executive,Yes,0.0,High,Solar,B
2545,Female,29,Yes,2.0,Doctor,Yes,0.0,Average,Hydro,B
2546,Male,31,Yes,2.0,Artist,Yes,1.0,Low,Solar,A
2547,Female,35,Yes,4.0,Artist,Yes,1.0,Average,Solar,C
2548,Male,89,Yes,2.0,Lawyer,Yes,7.0,High,Solar,C
2549,Female,38,No,4.0,Artist,Yes,9.0,Low,Solar,C
2550,Male,45,Yes,3.0,Executive,Yes,4.0,High,Solar,C
2551,Male,37,No,1.0,Entertainment,Yes,0.0,Low,Hydro,A
2552,Male,74,Yes,7.0,Executive,No,1.0,Low,Solar,C
2553,Male,82,Yes,2.0,Lawyer,Yes,0.0,High,Solar,C
2554,Male,53,Yes,4.0,Artist,Yes,7.0,High,Wind,C
2555,Female,43,Yes,5.0,Engineer,No,0.0,High,Solar,B
2556,Male,62,Yes,6.0,Entertainment,Yes,2.0,Average,Solar,C
2557,Male,56,Yes,3.0,Executive,No,8.0,High,Solar,B
2558,Male,88,Yes,2.0,Lawyer,Yes,3.0,High,Solar,C
2559,Male,28,No,2.0,Doctor,Yes,0.0,Low,Solar,D
2560,Female,51,Yes,2.0,Entertainment,Yes,5.0,Average,Solar,C
2561,Female,60,Yes,4.0,Artist,No,0.0,Average,Solar,C
2562,Male,19,No,3.0,Healthcare,No,0.0,Low,Solar,D
2563,Male,23,No,3.0,Healthcare,No,1.0,Low,Hydro,D
2564,Male,20,No,9.0,Healthcare,No,0.0,Low,Not Interested,D
2565,Female,50,No,1.0,Artist,Yes,1.0,Low,Biomass,B
2566,Female,21,No,4.0,Marketing,No,4.0,Low,Solar,D
2567,Male,62,Yes,2.0,Doctor,Yes,0.0,Average,Solar,C
2568,Female,36,No,1.0,Doctor,Yes,1.0,Low,Wind,A
2569,Female,31,No,2.0,Marketing,No,0.0,Low,Solar,D
2570,Male,52,Yes,3.0,Doctor,Yes,4.0,Average,Solar,C
2571,Male,20,No,5.0,Healthcare,No,1.0,Low,Solar,D
2572,Female,23,No,2.0,Artist,No,1.0,Low,Solar,A
2573,Female,48,Yes,5.0,Artist,Yes,1.0,High,Solar,C
2574,Female,40,Yes,2.0,Entertainment,Yes,6.0,Average,Solar,C
2575,Male,55,Yes,2.0,Artist,Yes,1.0,High,Solar,C
2576,Female,62,Yes,2.0,Artist,Yes,1.0,Average,Solar,C
2577,Male,48,No,1.0,Artist,Yes,0.0,Low,Biomass,B
2578,Male,36,Yes,2.0,Entertainment,Yes,1.0,Low,Hydro,A
2579,Female,73,Yes,2.0,Artist,Yes,0.0,Low,Solar,C
2580,Female,23,No,8.0,Marketing,No,0.0,Low,Solar,D
2581,Female,25,Yes,2.0,Artist,Yes,0.0,Average,Biomass,C
2582,Male,60,Yes,2.0,Artist,Yes,0.0,Average,Solar,C
2583,Male,37,No,1.0,Artist,Yes,14.0,Low,Solar,A
2584,Female,39,Yes,1.0,Doctor,Yes,0.0,Low,Biomass,A
2585,Female,39,No,1.0,Artist,Yes,12.0,Low,Solar,A
2586,Male,58,Yes,2.0,Artist,Yes,0.0,Low,Solar,B
2587,Female,33,No,1.0,Entertainment,Yes,0.0,Low,Not Interested,A
2588,Female,29,No,4.0,Artist,No,1.0,Low,Hydro,A
2589,Female,66,Yes,2.0,Lawyer,Yes,1.0,High,Solar,C
2590,Female,40,No,1.0,Artist,Yes,2.0,Low,Hydro,A
2591,Female,66,Yes,2.0,Entertainment,Yes,0.0,High,Solar,B
2592,Female,50,Yes,2.0,Artist,Yes,9.0,High,Solar,C
2593,Female,51,Yes,4.0,Artist,Yes,1.0,High,Solar,C
2594,Female,50,Yes,2.0,Artist,Yes,0.0,Average,Solar,C
2595,Female,39,No,1.0,Artist,Yes,1.0,Low,Solar,A
2596,Female,46,Yes,2.0,Artist,Yes,0.0,Average,Solar,C
2597,Male,29,No,4.0,Doctor,No,0.0,Low,Solar,D
2598,Female,29,No,5.0,Doctor,Yes,0.0,Low,Solar,C
2599,Male,23,No,5.0,Doctor,No,1.0,Low,Solar,D
2600,Male,57,Yes,2.0,Artist,Yes,1.0,Average,Solar,C
2601,Female,31,No,4.0,Healthcare,Yes,1.0,Low,Solar,D
2602,Female,69,Yes,1.0,Artist,Yes,1.0,Low,Solar,B
2603,Female,28,No,4.0,Entertainment,Yes,0.0,Low,Solar,A
2604,Female,31,No,1.0,Artist,Yes,14.0,Low,Solar,A
2605,Male,37,Yes,3.0,Executive,Yes,0.0,High,Solar,B
2606,Male,58,Yes,4.0,Healthcare,Yes,0.0,Low,Solar,C
2607,Male,48,Yes,1.0,Artist,Yes,3.0,Low,Solar,A
2608,Female,18,No,4.0,Doctor,No,1.0,Low,Solar,D
2609,Female,27,No,4.0,Healthcare,Yes,2.0,Low,Tidal,D
2610,Male,30,No,6.0,Doctor,Yes,8.0,Low,Biomass,D
2611,Female,36,Yes,2.0,Artist,Yes,1.0,Average,Solar,C
2612,Male,45,Yes,2.0,Entertainment,Yes,4.0,Average,Solar,B
2613,Female,26,No,4.0,Healthcare,No,1.0,Low,Solar,D
2614,Female,23,No,3.0,Healthcare,No,0.0,Low,Solar,D
2615,Female,42,No,1.0,Artist,Yes,0.0,Low,Solar,A
2616,Male,46,Yes,1.0,Entertainment,Yes,5.0,Low,Biomass,A
2617,Female,27,No,4.0,Marketing,No,8.0,Low,Biomass,D
2618,Female,42,Yes,2.0,Artist,Yes,0.0,Low,Solar,B
2619,Female,19,No,3.0,Healthcare,No,0.0,Low,Solar,D
2620,Male,21,No,4.0,Healthcare,No,1.0,Low,Hydro,D
2621,Female,35,No,2.0,Entertainment,Yes,1.0,Low,Solar,A
2622,Male,29,No,4.0,Healthcare,No,9.0,Low,Solar,D
2623,Female,35,No,1.0,Doctor,Yes,1.0,Low,Solar,A
2624,Female,53,No,2.0,Entertainment,Yes,1.0,Low,Solar,A
2625,Male,47,Yes,5.0,Executive,Yes,1.0,High,Hydro,B
2626,Female,43,No,3.0,Healthcare,Yes,9.0,Low,Not Interested,D
